1927 LA,341,191.7,17.6,0.33,2.23,3.35,48.3,0.161,4.46,6.12,11
(1207) Ostenia,46.6,20,10.3,0.09,2.75,3.02,251.2,0.188,3.29,5.25,11
(1841) Masaryk,125.7,44.2,2.6,0.11,3.02,3.4,353.8,0.157,3.79,6.28,11
(1044) Teutonia,228.1,59.9,4.2,0.14,2.21,2.58,47.6,0.238,2.94,4.13,11
(1091) Spiraea,12.9,80.8,1.2,0.07,3.18,3.42,123.7,0.156,3.66,6.32,11
(2239) Paracelsus,3.4,20.1,10.9,0.11,2.85,3.19,359.5,0.173,3.53,5.7,11
(2421) Nininger,284.3,77.4,10.2,0.04,3.1,3.24,300,0.169,3.37,5.82,11
(1285) Julietta,69.2,317.8,5.7,0.05,2.85,2.99,138.3,0.19,3.14,5.18,11
(2621) Goto,271.7,95.7,13,0.17,2.54,3.08,131.4,0.182,3.62,5.41,11
(620) Drakonia,336.7,359.9,7.7,0.13,2.11,2.44,65.8,0.259,2.76,3.8,11
(1057) Wanda,115,257.8,3.5,0.25,2.18,2.89,23.9,0.2,3.61,4.92,11
(2288) Karolinum,100.3,75.7,14.6,0.16,2.46,2.91,254.2,0.198,3.37,4.97,11
(2531) Cambridge,31.5,104.1,11,0.05,2.86,3.01,331,0.189,3.17,5.23,11
(2725) David Bender,28.5,61.5,15.6,0.15,2.57,3.03,229.6,0.187,3.5,5.28,11
(1211) Bressole,211.4,129.7,12.8,0.16,2.46,2.93,220.6,0.197,3.4,5.02,11
(4317) Garibaldi,94.5,38.4,9.8,0.16,3.35,3.99,243.9,0.124,4.63,7.96,11
(1684) Iguassu,155.6,105,3.7,0.13,2.68,3.09,222.2,0.181,3.5,5.43,11
(2976) Lautaro,188.4,206.7,9.8,0.15,2.85,3.34,235.7,0.161,3.83,6.11,11
(942) Romilda,319.8,71.2,10.5,0.17,2.64,3.16,143,0.175,3.69,5.63,11
(1297) Quadea,125.8,295.8,9,0.07,2.82,3.02,118.7,0.188,3.22,5.25,11
(3557) Sokolsky,122.7,185.8,6.1,0.17,3.31,4,351.8,0.123,4.69,8.01,11
(3925) Tret'yakov,206.2,163.6,15.6,0.19,2.54,3.16,139.3,0.176,3.77,5.6,11
(652) Jubilatrix,276.7,86.1,15.7,0.13,2.23,2.56,220,0.241,2.88,4.09,11
(698) Ernestina,98,40.6,11.5,0.11,2.55,2.87,235.4,0.203,3.19,4.85,11
(1411) Brauna,93.4,284.4,8,0.06,2.82,3.01,59.6,0.189,3.19,5.21,11
(1426) Riviera,274.7,335,9.1,0.16,2.16,2.58,322.7,0.238,3,4.15,11
(1564) Srbija,232.9,177,11,0.2,2.54,3.17,232.7,0.175,3.8,5.65,11
(1732) Heike,212.3,155.6,10.8,0.11,2.67,3.01,18.3,0.189,3.35,5.23,11
(2448) Sholokhov,72.2,131.1,17.7,0.12,2.47,2.79,180.5,0.211,3.11,4.66,11
(3248) Farinella,317.5,12,10.9,0.15,2.72,3.2,29.5,0.172,3.69,5.73,11
(3990) Heimdal,198,192.6,9.5,0.24,2.99,3.94,212.3,0.126,4.9,7.83,11
(2957) Tatsuo,60.4,249.3,8.7,0.09,2.74,3.02,226,0.188,3.3,5.25,11
(5914) Kathywhaler,249.9,73.2,10.4,0.09,3.22,3.56,90.7,0.147,3.89,6.71,11
(1029) La Plata,138.3,29.9,2.4,0.03,2.81,2.89,213.6,0.201,2.97,4.91,11
(1635) Bohrmann,134.9,184.3,1.8,0.06,2.68,2.85,169.8,0.205,3.03,4.82,11
(1678) Hveen,119.7,351.5,10.2,0.11,2.82,3.16,320.2,0.175,3.51,5.63,11
(3024) Hainan,342.1,27.4,14.8,0.13,2.97,3.41,308.3,0.156,3.86,6.3,11
(1237) Genevieve,307.6,57.8,9.7,0.08,2.41,2.61,54.3,0.233,2.82,4.23,11
(2145) Blaauw,277.8,264.2,15,0.1,2.89,3.22,39.8,0.171,3.54,5.76,11
(3415) Danby,135.5,253.6,1.4,0.25,2.98,3.97,51.8,0.125,4.96,7.91,11
(1329) Eliane,165.6,131.9,14.5,0.17,2.17,2.62,122.5,0.232,3.07,4.24,11.1
(614) Pia,210.2,217,7,0.11,2.4,2.69,214.5,0.223,2.99,4.42,11.1
(3318) Blixen,47.1,109,11.6,0.05,2.87,3.01,250.1,0.189,3.15,5.22,11.1
(1702) Kalahari,241.4,103.8,10,0.14,2.45,2.86,239.5,0.204,3.27,4.83,11.1
(1926) Demiddelaer,91.2,93.3,13.7,0.11,2.38,2.66,262.4,0.227,2.94,4.34,11.1
(1963) Bezovec,355.5,106.8,25,0.21,1.92,2.42,53.5,0.261,2.93,3.77,11.1
(1407) Lindelof,111.2,268.3,5.8,0.28,1.98,2.76,69.3,0.215,3.55,4.59,11.1
(1482) Sebastiana,219.1,71,3,0.04,2.76,2.87,162.6,0.202,2.98,4.87,11.1
(3140) Stellafane,267.5,101.4,11.3,0.11,2.67,3.01,84.7,0.188,3.35,5.23,11.1
-12920,86,220.5,6.4,0.21,3.15,3.97,163.7,0.125,4.79,7.91,11.1
(1690) Mayrhofer,154.8,230.2,13.1,0.1,2.75,3.04,112.7,0.186,3.33,5.29,11.1
(2120) Tyumenia,74.5,222.3,17.6,0.13,2.67,3.06,245.6,0.184,3.45,5.35,11.1
(2670) Chuvashia,165.3,284.5,9.9,0.07,2.95,3.17,23.6,0.174,3.39,5.65,11.1
(2271) Kiso,177.3,136.4,3.4,0.06,2.59,2.76,193.2,0.215,2.93,4.58,11.1
(889) Erynia,278.4,132.5,8.1,0.2,1.95,2.45,34.8,0.258,2.95,3.83,11.1
(1018) Arnolda,343.2,359.6,7.6,0.25,1.92,2.54,116.6,0.243,3.16,4.05,11.1
(1811) Bruwer,135.6,167.8,8.5,0.11,2.79,3.13,194,0.178,3.48,5.55,11.1
(2379) Heiskanen,176.6,151.3,0.5,0.28,2.29,3.17,196.1,0.175,4.04,5.63,11.1
(2569) Madeline,314,76.2,11.5,0.16,2.2,2.63,70,0.232,3.06,4.25,11.1
(1443) Ruppina,159.7,174.8,1.9,0.06,2.75,2.94,174.4,0.196,3.12,5.03,11.1
(3655) Eupraksia,39.8,338,3.8,0.2,3.21,4.02,237.4,0.122,4.83,8.06,11.1
(4460) Bihoro,30.6,326.3,27,0.18,2.38,2.92,128.2,0.198,3.46,4.99,11.1
(6419) Susono,76.3,274.5,11.4,0.08,2.89,3.13,285.2,0.178,3.37,5.55,11.1
(6505) Muzzio,253.9,257.9,17.7,0.19,2.58,3.2,168.2,0.172,3.81,5.72,11.1
1988 RH9,39.5,153.7,19.2,0.3,1.84,2.63,97.1,0.231,3.43,4.27,11.1
(3776) Vartiovuori,159,39.6,27.4,0.07,2.97,3.19,31.8,0.173,3.4,5.69,11.1
(5661) Hildebrand,2.1,317,13.3,0.23,3.03,3.96,9.9,0.125,4.89,7.88,11.1
(1017) Jacqueline,70.3,118.7,7.9,0.08,2.41,2.61,305.5,0.234,2.8,4.21,11.1
(2103) Laverna,237.7,292,7.7,0.19,2.54,3.14,188.4,0.177,3.74,5.57,11.1
(430) Hybris,179.4,249.2,14.5,0.25,2.14,2.85,127.2,0.205,3.56,4.81,11.1
(1599) Giomus,355,43.3,6.1,0.14,2.69,3.13,79,0.178,3.57,5.54,11.1
(1626) Sadeya,149.3,279.5,25.3,0.27,1.72,2.36,355.6,0.271,3.01,3.63,11.1
(1655) Comas Sola,323.7,111,9.6,0.23,2.14,2.78,113.2,0.212,3.43,4.65,11.1
(2407) Haug,10,342.1,2.5,0.22,2.28,2.92,228.4,0.197,3.57,5,11.1
(3202) Graff,267.9,205.1,11.1,0.11,3.48,3.93,265,0.127,4.38,7.78,11.1
(4196) Shuya,224.6,166,1.5,0.03,3.79,3.9,130.2,0.128,4,7.69,11.1
(2612) Kathryn,1.2,132.6,20.2,0.16,2.42,2.89,73.3,0.2,3.37,4.93,11.1
(3425) Hurukawa,139.2,291.3,9.2,0.08,2.75,3,194.6,0.189,3.25,5.2,11.1
(3683) Baumann,148.8,101.7,15.8,0.12,2.75,3.13,284.8,0.178,3.52,5.54,11.1
(457) Alleghenia,131.1,249.4,13,0.17,2.57,3.1,283.9,0.181,3.63,5.45,11.1
(1409) Isko,205.1,177.5,6.7,0.06,2.52,2.68,118.8,0.225,2.83,4.38,11.1
(1844) Susilva,71.3,99.3,11.8,0.05,2.86,3.01,202.6,0.188,3.17,5.23,11.1
(1999) Hirayama,356,147.8,12.5,0.12,2.74,3.11,146.9,0.179,3.48,5.49,11.1
(2151) Hadwiger,87.2,27.9,15.5,0.05,2.42,2.56,34.1,0.24,2.7,4.1,11.1
(2332) Kalm,245,61.1,14.6,0.07,2.87,3.07,146.7,0.183,3.28,5.39,11.1
(3736) Rokoske,148.6,145.2,11.3,0.08,2.78,3.02,95.6,0.188,3.26,5.25,11.1
(1128) Astrid,235.1,59.4,1,0.04,2.66,2.79,78.1,0.212,2.91,4.65,11.1
(1343) Nicole,235.3,41.2,6,0.12,2.27,2.57,188.5,0.239,2.86,4.12,11.1
(518) Halawe,117.5,203.9,6.7,0.23,1.96,2.53,34.9,0.245,3.11,4.03,11.1
(879) Ricarda,96.7,269.8,13.7,0.16,2.14,2.53,132.6,0.245,2.92,4.03,11.1
(1287) Lorcia,269.5,202.3,9.8,0.06,2.84,3.01,42.7,0.189,3.18,5.23,11.1
(1410) Margret,233.6,170.9,10.4,0.11,2.69,3.02,337.2,0.188,3.34,5.24,11.1
(3012) Minsk,91.8,354.8,18.2,0.07,2.99,3.23,200.8,0.17,3.46,5.79,11.1
(3346) Gerla,22.7,2.6,21.5,0.05,3.03,3.18,301.1,0.173,3.33,5.68,11.1
(3419) Guth,230.1,58.5,17.5,0.07,3.01,3.22,137.7,0.17,3.44,5.78,11.1
(783) Nora,154.7,142,9.3,0.23,1.8,2.34,216.8,0.275,2.88,3.58,11.1
(981) Martina,298,46,2.1,0.2,2.47,3.1,202.7,0.181,3.72,5.45,11.1
(2397) Lappajarvi,296.1,145.7,10.3,0.17,2.55,3.09,56.6,0.182,3.63,5.43,11.1
(1002) Olbersia,354.9,343.7,10.8,0.15,2.36,2.79,213.8,0.212,3.22,4.65,11.1
(1079) Mimosa,102.2,329,1.2,0.05,2.74,2.87,63.6,0.202,3,4.87,11.1
(1184) Gaea,310.5,355.7,11.3,0.07,2.47,2.67,183.6,0.226,2.86,4.35,11.1
(1930) Lucifer,342.7,318.3,14.1,0.14,2.49,2.9,132.7,0.2,3.32,4.94,11.1
(2891) McGetchin,251.8,114.7,9.3,0.14,2.89,3.35,326.5,0.161,3.82,6.14,11.1
(282) Clorinde,296.2,144.8,9,0.08,2.15,2.34,23.6,0.275,2.53,3.58,11.2
(710) Gertrud,99.5,140.2,1.8,0.13,2.72,3.13,116.9,0.178,3.54,5.54,11.2
(1372) Haremari,87.6,327.4,16.4,0.15,2.36,2.77,81.8,0.214,3.18,4.6,11.2
(1904) Massevitch,262.5,106.3,12.8,0.07,2.54,2.75,61.4,0.217,2.95,4.55,11.2
(4959) Niinoama,318.6,128.7,9,0.01,3.11,3.15,230.2,0.177,3.18,5.58,11.2
(486) Cremona,125.3,94.1,11.1,0.16,1.97,2.35,295.9,0.273,2.74,3.61,11.2
(621) Werdandi,36.9,66.6,2.3,0.14,2.7,3.13,73.7,0.178,3.55,5.53,11.2
(1298) Nocturna,59.1,299.7,5.5,0.14,2.68,3.13,253.9,0.178,3.58,5.54,11.2
(1348) Michel,17.8,87.5,6.6,0.14,2.4,2.79,279.5,0.211,3.18,4.66,11.2
(2269) Efremiana,33.9,66.5,15.4,0.08,2.88,3.13,29.4,0.178,3.37,5.53,11.2
(3368) Duncombe,348.4,3.9,19.1,0.09,3.07,3.39,106,0.158,3.7,6.23,11.2
(5368) Vitagliano,337.5,159.5,6.3,0.08,3.65,3.97,255.7,0.125,4.29,7.91,11.2
(706) Hirundo,31,325.3,14.4,0.2,2.19,2.73,114.6,0.219,3.26,4.5,11.2
(1388) Aphrodite,258.1,54.3,11.2,0.09,2.75,3.02,49.6,0.188,3.29,5.24,11.2
(1581) Abanderada,89.3,104.8,2.5,0.12,2.77,3.16,137.9,0.176,3.54,5.61,11.2
(4112) Hrabal,178.9,175.5,16.6,0.04,3,3.12,302.9,0.179,3.24,5.51,11.2
(155) Scylla,46.8,40.5,11.4,0.27,2.01,2.76,115.2,0.215,3.51,4.59,11.2
(1470) Carla,338.6,358.2,3.2,0.07,2.92,3.16,136,0.176,3.39,5.61,11.2
(2115) Irakli,340.8,241,9,0.06,2.84,3.01,279.4,0.189,3.18,5.22,11.2
(1939) Loretta,189.3,40.5,0.9,0.12,2.74,3.12,129.2,0.179,3.51,5.52,11.2
(875) Nymphe,117.3,196,14.6,0.15,2.17,2.55,48.2,0.242,2.94,4.08,11.2
(1569) Evita,248.3,99.4,12.3,0.13,2.73,3.15,160.8,0.177,3.56,5.58,11.2
(2378) Pannekoek,267,180.8,14.3,0.14,2.49,2.89,105.8,0.201,3.29,4.91,11.2
(5711) Eneev,296.3,14.1,6.4,0.16,3.29,3.94,8.4,0.126,4.58,7.81,11.2
(700) Auravictrix,101.6,96.8,6.8,0.1,2,2.23,170.9,0.296,2.46,3.33,11.2
(1081) Reseda,9.6,30.3,4.2,0.15,2.63,3.1,275.3,0.181,3.56,5.44,11.2
(1471) Tornio,93.4,321.8,13.6,0.12,2.39,2.72,41,0.22,3.04,4.48,11.2
(1618) Dawn,178.9,102.8,3.2,0.03,2.78,2.87,216.3,0.203,2.96,4.85,11.2
(1645) Waterfield,107,265.3,1,0.11,2.72,3.06,333.5,0.184,3.4,5.35,11.2
(1686) De Sitter,294.6,6.3,0.6,0.16,2.66,3.17,353.3,0.175,3.67,5.63,11.2
(157) Dejanira,46.2,62,12.2,0.2,2.07,2.58,305.5,0.238,3.09,4.14,11.2
(996) Hilaritas,146.1,347.3,0.7,0.14,2.66,3.09,279.7,0.181,3.52,5.43,11.2
(1456) Saldanha,65.7,282.4,10.4,0.22,2.49,3.2,38.8,0.172,3.91,5.74,11.2
(1639) Bower,106.8,324.1,8.4,0.15,2.19,2.57,207.3,0.239,2.95,4.13,11.2
(1721) Wells,138.1,317.1,16.1,0.05,2.99,3.15,200,0.177,3.31,5.58,11.2
(1826) Miller,160.8,274,9.2,0.08,2.75,3,49,0.19,3.24,5.19,11.2
(1887) Virton,31.7,348.4,9.6,0.12,2.65,3,69,0.189,3.36,5.21,11.2
(2802) Weisell,58.8,129.3,9.6,0.12,2.73,3.11,161.9,0.18,3.49,5.49,11.2
(495) Eulalia,207.8,186.4,2.3,0.13,2.16,2.49,38.3,0.251,2.81,3.92,11.2
(1152) Pawona,219.9,331.7,5.1,0.04,2.33,2.43,312.6,0.261,2.52,3.78,11.2
(5849) Bhanji,104.3,129.6,22.6,0.01,3.16,3.18,345.6,0.174,3.21,5.67,11.2
(647) Adelgunde,175.7,254.6,7.3,0.19,1.97,2.44,137.7,0.258,2.91,3.82,11.2
(1033) Simona,216.6,188.9,10.7,0.12,2.64,3,42.4,0.19,3.36,5.2,11.2
(3631) Sigyn,158.7,150.6,14.4,0.08,2.84,3.09,156.6,0.181,3.35,5.44,11.2
(4077) Asuka,244.4,70.5,11.4,0.09,2.76,3.02,83.7,0.188,3.28,5.25,11.2
(829) Academia,42.6,352.3,8.3,0.1,2.32,2.58,345.5,0.238,2.84,4.14,11.2
(1352) Wawel,213,185.9,3.8,0.06,2.6,2.78,184.2,0.213,2.96,4.63,11.2
(1847) Stobbe,139.7,106.8,11.1,0.02,2.56,2.61,168.9,0.233,2.66,4.22,11.2
(1213) Algeria,110.8,271.2,13.1,0.13,2.73,3.14,302.5,0.178,3.54,5.55,11.2
(1222) Tina,59.8,245.7,19.6,0.25,2.1,2.79,220.1,0.211,3.49,4.67,11.2
(1760) Sandra,331.8,232.6,8.4,0.13,2.75,3.15,106.3,0.177,3.55,5.58,11.2
(1848) Delvaux,312.5,331.6,1.4,0.05,2.74,2.87,268.8,0.203,3,4.86,11.2
(630) Euphemia,39.4,105.4,13.9,0.11,2.33,2.62,250.1,0.232,2.92,4.25,11.2
(2909) Hoshi-no-ie,284.1,85.3,11.4,0.12,2.67,3.02,165,0.188,3.37,5.25,11.2
(2959) Scholl,283.9,121,5.2,0.27,2.88,3.96,47.2,0.125,5.04,7.88,11.2
(2962) Otto,120.4,54.1,15.6,0.04,2.46,2.57,16.6,0.24,2.67,4.12,11.2
(3571) Milanstefanik,21.6,248.9,7.9,0.11,3.5,3.93,84.2,0.126,4.37,7.8,11.2
(991) McDonalda,253.6,63.2,2.1,0.16,2.63,3.14,163.6,0.177,3.64,5.55,11.2
(2525) O'Steen,286.9,86.8,2.8,0.18,2.59,3.15,275.4,0.176,3.71,5.59,11.2
(3015) Candy,301.6,38.1,17.4,0.18,2.79,3.39,51.5,0.158,3.98,6.23,11.2
(3171) Wangshouguan,25.6,31.7,11.4,0.15,2.71,3.18,301.2,0.174,3.65,5.67,11.2
(3560) Chenqian,57.5,325.1,9.3,0.12,2.66,3.02,121,0.188,3.37,5.24,11.2
(1680) Per Brahe,158.1,83.3,4.3,0.18,2.23,2.72,68.4,0.219,3.22,4.5,11.2
(823) Sisigambis,218.6,255,3.6,0.09,2.02,2.22,349.7,0.298,2.42,3.31,11.2
(832) Karin,120.7,253.7,1,0.08,2.63,2.86,91.9,0.203,3.1,4.85,11.2
(1132) Hollandia,270.4,29.6,7.2,0.28,1.95,2.68,242.6,0.224,3.42,4.4,11.2
(1340) Yvette,226.1,344.9,0.4,0.12,2.81,3.2,213.1,0.172,3.59,5.72,11.2
(1753) Mieke,230.5,58.4,11.4,0.08,2.78,3.01,57.9,0.188,3.25,5.23,11.2
(1758) Naantali,124.5,113.3,10.8,0.03,2.91,3.01,233.9,0.189,3.1,5.22,11.2
(3118) Claytonsmith,263.4,304.5,13.3,0.05,2.87,3.04,251.5,0.186,3.21,5.3,11.2
(3561) Devine,177,117.8,9.7,0.13,3.45,3.95,25.8,0.125,4.46,7.86,11.2
(220) Stephania,78.6,257.8,7.6,0.26,1.74,2.35,176.3,0.274,2.95,3.6,11.2
(434) Hungaria,124.1,175.3,22.5,0.07,1.8,1.94,158.8,0.364,2.09,2.71,11.2
(1776) Kuiper,312.1,176.4,9.5,0.02,3.05,3.1,139.9,0.18,3.16,5.47,11.2
(2650) Elinor,23.6,332.3,13.9,0.2,2.11,2.63,109.5,0.23,3.16,4.28,11.2
(298) Baptistina,134.8,8.1,6.3,0.1,2.05,2.26,358,0.289,2.48,3.41,11.2
(2543) Machado,286.5,40.8,15,0.28,2.22,3.1,3.3,0.181,3.97,5.45,11.2
(4041) Miyamotoyohko,158.3,101.3,11.2,0.06,2.84,3.01,236.9,0.189,3.18,5.22,11.2
(4159) Freeman,312.5,91.2,15.2,0.07,2.36,2.55,61.5,0.242,2.74,4.07,11.2
(1342) Brabantia,229.6,312.8,20.9,0.2,1.83,2.29,301.7,0.284,2.75,3.46,11.2
(2524) Budovicium,20,278.1,0.3,0.16,2.63,3.12,337.2,0.179,3.61,5.51,11.2
(1417) Walinskia,164,96,8.3,0.08,2.74,2.97,303.3,0.192,3.21,5.13,11.3
(2179) Platzeck,57.1,14.9,10.5,0.1,2.71,3.01,336.2,0.189,3.31,5.22,11.3
(1337) Gerarda,202.7,160.2,18,0.1,2.62,2.91,53,0.198,3.21,4.97,11.3
(1539) Borrelly,250.5,143,1.7,0.19,2.54,3.14,8.1,0.177,3.75,5.57,11.3
(1737) Severny,222.1,327.2,9.4,0.04,2.88,3.02,242.4,0.188,3.15,5.24,11.3
(1742) Schaifers,212.4,152.1,2.5,0.1,2.6,2.89,119.7,0.201,3.17,4.91,11.3
(2249) Yamamoto,114,147.9,4.1,0.08,2.94,3.19,133,0.173,3.45,5.7,11.3
(1832) Mrkos,81.1,303.3,14.9,0.1,2.9,3.22,137.4,0.171,3.53,5.77,11.3
(3747) Belinskij,105.4,38,24.3,0.12,2.79,3.19,64.5,0.173,3.59,5.69,11.3
(1362) Griqua,261.7,121.3,24.2,0.37,2.01,3.21,67.4,0.171,4.41,5.76,11.3
(1670) Minnaert,18.4,59.1,10.5,0.1,2.6,2.9,17.7,0.199,3.21,4.94,11.3
(1874) Kacivelia,196.7,158.9,4.8,0.28,2.27,3.16,337.8,0.175,4.05,5.62,11.3
(3150) Tosa,271.6,350.2,22,0.12,2.83,3.2,12.5,0.172,3.58,5.73,11.3
(3176) Paolicchi,22,53.2,18.1,0.03,2.78,2.88,339.7,0.202,2.97,4.88,11.3
(4446) Carolyn,117.4,188.9,7.2,0.28,2.87,3.98,12.9,0.124,5.1,7.95,11.3
(4628) Laplace,248.2,275.6,11.8,0.12,2.33,2.64,172.4,0.229,2.96,4.3,11.3
(5833) Peterson,111.9,306.6,19.4,0.03,3.37,3.49,292.2,0.151,3.61,6.52,11.3
-11388,279,217.2,8.2,0.12,3.46,3.94,45.3,0.126,4.41,7.81,11.3
(2301) Whitford,11.1,78.7,11.7,0.22,2.48,3.17,120.8,0.175,3.86,5.64,11.3
(2323) Zverev,101.2,4.7,4.6,0.16,2.64,3.13,153,0.178,3.63,5.55,11.3
(3167) Babcock,257.6,17.6,15.6,0.11,2.27,2.54,99.7,0.243,2.81,4.05,11.3
(6475) Refugium,75.4,277.1,8.9,0.16,2.64,3.14,208.3,0.177,3.65,5.58,11.3
(7394) Xanthomalitia,192.6,174.7,8.6,0.04,3.78,3.92,351.4,0.127,4.06,7.77,11.3
(1616) Filipoff,14.5,48,8.5,0.02,2.86,2.91,96.3,0.199,2.96,4.96,11.3
(2180) Marjaleena,89.6,233.2,9.3,0.08,2.77,3.01,57.5,0.189,3.25,5.23,11.3
(2967) Vladisvyat,358.2,32.4,18,0.14,2.76,3.2,72.5,0.172,3.63,5.72,11.3
(3262) Miune,58.5,72.9,9.5,0.07,2.8,3.01,239.8,0.189,3.21,5.21,11.3
(3642) Frieden,17.7,131.1,13.4,0.08,2.57,2.79,347.8,0.212,3.01,4.65,11.3
-5920,64.9,347.5,19.4,0.13,2.74,3.13,250.3,0.178,3.53,5.55,11.3
-6785,118.7,46.2,20.1,0.09,2.89,3.19,253.3,0.173,3.49,5.7,11.3
(1693) Hertzsprung,234.8,70,11.9,0.27,2.04,2.8,352.3,0.211,3.56,4.68,11.3
(4078) Polakis,229.5,83,11.6,0.11,2.69,3.02,134.7,0.188,3.35,5.25,11.3
(1674) Groeneveld,4.5,95.5,2.7,0.13,2.79,3.19,100.3,0.173,3.6,5.71,11.3
(2137) Priscilla,143.9,319.6,11.6,0.05,3.04,3.19,35,0.173,3.33,5.69,11.3
(9033) Kawane,300.9,100.7,16,0.21,2.49,3.15,97.3,0.176,3.82,5.6,11.3
(11861) Teruhime,273.2,63.8,12.4,0.11,2.82,3.16,171.6,0.176,3.49,5.61,11.3
(1408) Trusanda,186.4,201.4,8.3,0.1,2.81,3.11,49.9,0.18,3.41,5.49,11.3
(1845) Helewalda,321.4,142.4,10.7,0.05,2.81,2.97,354.7,0.192,3.13,5.12,11.3
(1214) Richilde,33.1,285.8,9.8,0.12,2.39,2.71,60.7,0.221,3.03,4.46,11.3
(1984) Fedynskij,127.1,185.6,4.8,0.09,2.75,3.01,330,0.188,3.27,5.23,11.3
(2009) Voloshina,5.3,107.3,2.9,0.14,2.7,3.12,7.7,0.179,3.54,5.51,11.3
(302) Clarissa,55.3,7.7,3.4,0.11,2.14,2.41,285.4,0.264,2.67,3.73,11.3
(2826) Ahti,146,33.6,15.4,0.05,3.06,3.22,89.9,0.17,3.38,5.79,11.3
(3066) McFadden,187.8,175.7,15.6,0.13,2.19,2.53,149.3,0.246,2.86,4.01,11.3
(3469) Bulgakov,67.9,219.3,9.2,0.08,2.79,3.02,121,0.187,3.26,5.26,11.3
(8551) Daitarabochi,260.4,52.2,14.2,0.15,3.38,3.99,356.5,0.124,4.6,7.97,11.3
(1487) Boda,106.8,97,2.5,0.12,2.75,3.14,35,0.177,3.53,5.55,11.3
(1947) Iso-Heikkila,143.7,90.6,11.9,0.04,3.01,3.15,297,0.176,3.29,5.59,11.3
(2219) Mannucci,294.2,72.5,7.6,0.11,2.8,3.16,217,0.176,3.51,5.61,11.3
(3675) Kemstach,173.8,339.6,10.9,0.09,3.08,3.37,238.3,0.159,3.66,6.18,11.3
(6794) Masuisakura,348.2,41,16.3,0.21,2.43,3.08,95.3,0.182,3.74,5.41,11.3
(341) California,293.7,29,5.7,0.19,1.77,2.2,202.3,0.302,2.63,3.26,11.3
(848) Inna,125.9,207.7,1.1,0.16,2.61,3.11,343.3,0.18,3.62,5.49,11.3
(1063) Aquilegia,107,95.3,6,0.04,2.22,2.31,251.8,0.28,2.4,3.52,11.3
(1347) Patria,201.9,229.1,11.9,0.07,2.4,2.57,126.3,0.239,2.74,4.12,11.3
(2358) Bahner,51.7,344.4,9.7,0.1,2.72,3.02,356.8,0.188,3.32,5.25,11.3
(3774) Megumi,283.9,291.6,9.2,0.05,2.85,3,279.1,0.189,3.16,5.21,11.3
(4169) Celsius,32.5,355.2,10,0.16,2.85,3.4,156.2,0.157,3.95,6.27,11.3
(6052) Junichi,272.2,169.7,21.8,0.05,3.08,3.24,280.1,0.169,3.41,5.84,11.3
(938) Chlosinde,225.2,119,2.7,0.19,2.54,3.15,153.4,0.176,3.76,5.59,11.3
(1801) Titicaca,14,77.5,11,0.07,2.81,3.02,179.6,0.188,3.23,5.25,11.3
(2144) Marietta,277.2,138.5,2.8,0.06,2.71,2.88,109.5,0.202,3.04,4.88,11.3
(1834) Palach,359.6,267.8,9.5,0.08,2.79,3.02,228.4,0.188,3.25,5.25,11.3
(3396) Muazzez,315.8,37.8,8.3,0.18,2.79,3.39,176.5,0.158,4,6.26,11.3
(1828) Kashirina,223.4,184.4,14.3,0.11,2.73,3.06,253.5,0.184,3.39,5.36,11.3
(1889) Pakhmutova,83.8,55.1,13.2,0.12,2.73,3.09,146.1,0.182,3.45,5.43,11.3
(880) Herba,100.9,262.6,15.1,0.32,2.03,3,153.1,0.19,3.97,5.19,11.3
(1817) Katanga,140.1,88.7,25.7,0.19,1.92,2.37,155.3,0.27,2.82,3.65,11.3
(2127) Tanya,189,106.4,13.1,0.03,3.11,3.21,65,0.171,3.31,5.75,11.3
(657) Gunlod,244.4,297.5,10.2,0.11,2.31,2.61,188.7,0.234,2.91,4.22,11.4
(782) Montefiore,82.5,80.4,5.3,0.04,2.09,2.18,149,0.306,2.27,3.22,11.4
(1088) Mitaka,319.6,54.5,7.7,0.2,1.77,2.2,205,0.302,2.63,3.27,11.4
(1136) Mercedes,148.8,209.5,9,0.25,1.91,2.57,74.4,0.24,3.22,4.11,11.4
(1591) Baize,163.7,90.4,24.8,0.18,1.97,2.39,243.1,0.267,2.81,3.7,11.4
(2804) Yrjo,171.6,109.1,11.2,0.08,2.77,3.01,276.1,0.189,3.25,5.23,11.4
(4212) Sansyu-Asuke,343.5,22.1,14.8,0.24,2.39,3.16,200.2,0.176,3.93,5.61,11.4
(950) Ahrensa,348.6,181.7,23.5,0.16,1.99,2.37,142.2,0.27,2.75,3.65,11.4
(1277) Dolores,47.3,246.9,7,0.24,2.05,2.7,172.5,0.222,3.35,4.43,11.4
(1458) Mineura,100.1,181.6,12.5,0.18,2.15,2.62,220.4,0.232,3.1,4.25,11.4
(2216) Kerch,183.6,155.5,10.4,0.1,2.73,3.02,345.2,0.188,3.31,5.25,11.4
(2865) Laurel,293.1,321.7,14.3,0.07,2.38,2.56,288.8,0.241,2.75,4.1,11.4
(833) Monica,37.2,352.8,9.8,0.12,2.66,3.01,188.8,0.188,3.36,5.23,11.4
(1363) Herberta,110.4,214.6,1.1,0.07,2.71,2.9,20.6,0.199,3.09,4.94,11.4
(789) Lena,43.5,232.6,10.8,0.15,2.29,2.69,17.6,0.224,3.08,4.4,11.4
(930) Westphalia,330.5,340.9,15.3,0.14,2.09,2.43,87.8,0.26,2.78,3.79,11.4
(3772) Piaf,200.7,101.3,11,0.06,2.85,3.03,103.9,0.187,3.21,5.26,11.4
(548) Kressida,320.4,108.4,3.9,0.18,1.86,2.28,265.7,0.286,2.7,3.45,11.4
(1265) Schweikarda,112.4,314.2,9.5,0.07,2.82,3.03,96.5,0.187,3.24,5.26,11.4
(1425) Tuorla,341.4,185.9,13,0.1,2.36,2.61,288.2,0.233,2.87,4.23,11.4
(1576) Fabiola,247,166.6,1,0.17,2.62,3.14,226.1,0.177,3.67,5.58,11.4
(3254) Bus,302.5,42.8,4.4,0.15,3.36,3.97,150.2,0.125,4.58,7.9,11.4
(4045) Lowengrub,244,224.1,21.4,0.1,2.92,3.23,6.9,0.17,3.54,5.81,11.4
(9121) Stefanovalentini,339.7,326.8,4.6,0.04,3.72,3.88,32.4,0.129,4.04,7.63,11.4
(920) Rogeria,270.4,192.6,11.6,0.11,2.35,2.62,172.1,0.232,2.9,4.25,11.4
(1346) Gotha,250.7,165.9,13.9,0.18,2.17,2.63,249.1,0.231,3.09,4.26,11.4
(2191) Uppsala,181.8,247.2,9.1,0.09,2.76,3.02,259.5,0.188,3.28,5.24,11.4
(2293) Guernica,131.6,23.6,0.6,0.13,2.71,3.13,231.1,0.178,3.55,5.54,11.4
(2307) Garuda,347,251.3,7.7,0.05,2.89,3.05,211.5,0.185,3.22,5.33,11.4
(299) Thora,150.9,241.4,1.6,0.06,2.28,2.43,99.3,0.26,2.59,3.8,11.4
(1940) Whipple,185.6,263.6,6.5,0.06,2.87,3.06,94.2,0.184,3.25,5.36,11.4
(2209) Tianjin,263.2,150.8,2.6,0.06,2.67,2.85,149.2,0.205,3.03,4.8,11.4
(2453) Wabash,339.9,11.7,10.3,0.11,2.68,3.02,201.8,0.188,3.36,5.25,11.4
(6372) Walker,187.3,64,15.8,0.16,2.67,3.18,276.3,0.174,3.69,5.67,11.4
(800) Kressmannia,347.7,325.1,4.3,0.2,1.75,2.19,146.5,0.304,2.64,3.25,11.4
(1728) Goethe Link,66,240.4,7.2,0.09,2.33,2.56,239.6,0.24,2.79,4.1,11.4
(1787) Chiny,277.4,306.7,8.9,0.05,2.86,3.01,235.3,0.189,3.15,5.21,11.4
(3223) Forsius,293.4,168.1,10.1,0.14,2.24,2.61,45.5,0.234,2.97,4.21,11.4
(4617) Zadunaisky,270.5,234.5,18.7,0.07,2.98,3.21,157.5,0.171,3.44,5.75,11.4
(1181) Lilith,156.5,260.6,5.6,0.19,2.15,2.67,221.4,0.226,3.18,4.35,11.4
(2416) Sharonov,104.3,148.3,10.5,0.05,2.87,3.01,264.2,0.189,3.16,5.22,11.4
(5262) Brucegoldberg,93.4,90.9,16,0.17,2.55,3.08,354.7,0.182,3.61,5.41,11.4
(1292) Luce,244.4,270.9,2.2,0.06,2.4,2.54,329.4,0.243,2.69,4.05,11.4
(1491) Balduinus,160.3,313,3.6,0.13,2.83,3.24,22.3,0.169,3.65,5.83,11.4
(1762) Russell,232.9,160.5,2.3,0.07,2.66,2.88,147.5,0.202,3.09,4.88,11.4
(2000) Herschel,130.4,291.9,22.8,0.3,1.67,2.38,57.2,0.269,3.09,3.67,11.4
(1229) Tilia,167,197.3,1,0.17,2.69,3.22,6,0.17,3.76,5.78,11.4
(1462) Zamenhof,186.5,24.7,1,0.11,2.81,3.15,107,0.177,3.49,5.58,11.4
(2248) Kanda,148,33.7,1.6,0.11,2.77,3.11,277,0.18,3.45,5.49,11.4
(5488) Kiyosato,222.3,96.4,11.3,0.08,2.8,3.03,159.9,0.187,3.27,5.28,11.4
(1908) Pobeda,220.8,14.2,4.8,0.04,2.78,2.89,308.8,0.201,3,4.91,11.4
(736) Harvard,200.6,135.9,4.4,0.17,1.84,2.2,151.2,0.302,2.57,3.27,11.4
(794) Irenaea,131.3,160.4,5.4,0.3,2.21,3.13,316,0.178,4.06,5.54,11.4
(1413) Roucarie,298.5,178.7,10.2,0.07,2.82,3.02,269.2,0.188,3.22,5.25,11.4
(2349) Kurchenko,217.6,133.1,17.5,0.12,2.44,2.77,202.8,0.214,3.1,4.61,11.4
(2364) Seillier,167.3,42.8,10.7,0.14,2.73,3.18,77.8,0.174,3.62,5.66,11.4
(3092) Herodotus,9.7,8,10.8,0.11,3.14,3.54,176.5,0.148,3.95,6.66,11.4
(3803) Tuchkova,273.5,250.3,13.1,0.05,2.91,3.06,269.1,0.185,3.2,5.34,11.4
(1397) Umtata,206.4,77.4,3.5,0.25,2,2.68,37.3,0.224,3.36,4.39,11.4
(6862) Virgiliomarcon,32.5,17.4,12.1,0.01,3.14,3.17,79.6,0.174,3.2,5.65,11.4
(249) Ilse,42.3,334.7,9.6,0.22,1.86,2.38,310.6,0.269,2.89,3.67,11.4
(1161) Thessalia,311,72.5,9.4,0.09,2.89,3.17,305.2,0.175,3.45,5.64,11.4
(1554) Yugoslavia,131.5,217,12.1,0.2,2.09,2.62,307,0.232,3.15,4.24,11.4
(1815) Beethoven,358.3,110.8,2.7,0.19,2.54,3.15,198.9,0.176,3.76,5.59,11.4
(1824) Haworth,65.3,15,1.9,0.04,2.77,2.88,53.6,0.201,3,4.9,11.4
(1954) Kukarkin,70.4,278,14.8,0.31,2.01,2.93,113.9,0.196,3.85,5.02,11.4
(2089) Cetacea,286.9,102.6,15.4,0.16,2.14,2.54,183.2,0.244,2.93,4.04,11.4
(2263) Shaanxi,316.7,54.3,11.4,0.11,2.69,3.02,308.3,0.188,3.34,5.24,11.4
(8917) Tianjindaxue,169.8,263.4,15.5,0.12,3,3.41,224.7,0.157,3.81,6.29,11.4
(1517) Beograd,229.5,63.8,5.3,0.04,2.6,2.72,13.7,0.22,2.84,4.48,11.4
(1692) Subbotina,111.8,199.6,2.4,0.14,2.41,2.79,353.4,0.212,3.17,4.65,11.4
(1805) Dirikis,93.3,78.3,2.5,0.11,2.8,3.14,328.1,0.177,3.48,5.57,11.4
(1957) Angara,210.2,50.7,11.2,0.06,2.84,3.01,115.4,0.189,3.18,5.22,11.4
(3570) Wuyeesun,220.5,85,11.3,0.09,2.76,3.02,285.3,0.188,3.29,5.25,11.4
(1288) Santa,52.5,298.9,7.6,0.06,2.7,2.88,166.4,0.201,3.07,4.9,11.4
(1958) Chandra,318.8,344.9,10.5,0.16,2.6,3.11,342.1,0.18,3.62,5.48,11.4
(2136) Jugta,60.7,148.6,10.6,0.04,2.9,3.03,238.7,0.187,3.15,5.26,11.4
(2303) Retsina,329.5,195.2,18.9,0.11,2.67,3,288.2,0.19,3.33,5.2,11.4
(3250) Martebo,180.2,204,9.6,0.11,2.69,3.02,35.8,0.188,3.34,5.24,11.4
(3971) Voronikhin,82.9,284.8,13,0.18,2.33,2.85,147.5,0.205,3.37,4.81,11.4
(1007) Pawlowia,77,307.1,2.5,0.11,2.41,2.71,196.5,0.221,3,4.46,11.4
(1419) Danzig,232.6,213.5,5.7,0.15,1.95,2.29,14.8,0.284,2.63,3.47,11.4
(2774) Tenojoki,107.2,290.8,8.5,0.14,2.75,3.19,97.9,0.173,3.62,5.69,11.4
(3967) Shekhtelia,17.5,100.7,17.4,0.05,3.1,3.25,40.7,0.168,3.4,5.85,11.4
(4208) Kiselev,219.1,147.4,16.8,0.07,2.98,3.21,181.6,0.172,3.44,5.75,11.4
(5687) Yamamotoshinobu,240,130.2,12.4,0.17,2.5,3.01,266.4,0.189,3.53,5.23,11.4
(1006) Lagrangea,86.4,294.5,10.9,0.36,2.01,3.14,23.3,0.177,4.27,5.57,11.4
(1681) Steinmetz,1,94.3,7.2,0.2,2.15,2.7,28.6,0.222,3.25,4.43,11.4
(2165) Young,23.3,19,0.9,0.18,2.57,3.13,45.3,0.178,3.68,5.53,11.4
(2856) Roser,195.8,16.8,9.9,0.01,3,3.03,105,0.187,3.05,5.27,11.4
(561) Ingwelde,318.4,159.1,1.5,0.12,2.78,3.17,126.9,0.175,3.56,5.65,11.4
(1249) Rutherfordia,224.3,258.9,4.9,0.08,2.05,2.22,201.7,0.297,2.39,3.32,11.4
(1299) Mertona,260.5,165.5,7.9,0.19,2.28,2.8,154.7,0.21,3.32,4.7,11.4
(1427) Ruvuma,241.7,78.4,9.3,0.21,2.17,2.75,7.6,0.216,3.33,4.56,11.4
(2218) Wotho,324.6,96.4,14.9,0.16,2.57,3.05,145.2,0.185,3.53,5.32,11.4
(3115) Baily,171.5,258.5,10.2,0.14,2.21,2.58,58.7,0.238,2.95,4.14,11.4
(3608) Kataev,234.4,78.4,11,0.15,2.89,3.38,187.5,0.159,3.87,6.21,11.4
(632) Pyrrha,252.5,356.4,2.2,0.19,2.15,2.66,309.1,0.227,3.17,4.35,11.4
(1261) Legia,103.9,67.3,2.4,0.18,2.58,3.14,159.4,0.177,3.7,5.56,11.4
(962) Aslog,225,145.4,2.6,0.1,2.63,2.91,303.5,0.199,3.19,4.95,11.5
(1588) Descamisada,222.6,98.5,11.3,0.07,2.82,3.03,232.8,0.187,3.24,5.27,11.5
(1624) Rabe,28.4,133.4,2,0.09,2.89,3.19,333.7,0.173,3.49,5.69,11.5
(2068) Dangreen,321.8,95.9,12.9,0.1,2.5,2.77,280.1,0.214,3.04,4.61,11.5
(1145) Robelmonte,267.2,346.8,6.2,0.12,2.13,2.42,27.5,0.261,2.71,3.77,11.5
(1333) Cevenola,336.3,115,14.6,0.13,2.29,2.63,83.5,0.231,2.98,4.28,11.5
(1561) Fricke,44.6,230.5,4.3,0.13,2.8,3.21,155.6,0.171,3.62,5.75,11.5
(1764) Cogshall,82.3,152,2.2,0.12,2.74,3.11,193,0.18,3.47,5.47,11.5
(1881) Shao,67,218,9.9,0.1,2.84,3.17,13.4,0.175,3.49,5.64,11.5
(2309) Mr. Spock,271.8,157.2,11,0.09,2.73,3.01,316.8,0.189,3.29,5.22,11.5
(2413) van de Hulst,251.6,166.4,10.6,0.12,2.66,3.02,35.2,0.188,3.37,5.24,11.5
(4505) Okamura,17.1,119.1,11.8,0.05,2.85,3.01,247.1,0.189,3.17,5.22,11.5
(951) Gaspra,130,253,4.1,0.17,1.83,2.21,293,0.3,2.59,3.29,11.5
(1119) Euboea,230,57.3,7.9,0.15,2.21,2.61,77.9,0.234,3.01,4.22,11.5
(2222) Lermontov,340.7,94.8,2.6,0.16,2.62,3.12,162.8,0.178,3.63,5.52,11.5
(3786) Yamada,358.3,261.6,14.3,0.08,2.34,2.55,219.5,0.242,2.76,4.07,11.5
(993) Moultona,244.8,184.2,1.8,0.05,2.73,2.86,45.6,0.204,3,4.84,11.5
(1400) Tirela,112.3,210,15.6,0.23,2.4,3.13,59.9,0.178,3.86,5.53,11.5
(1505) Koranna,344.4,248.1,14.5,0.13,2.3,2.66,244.6,0.227,3.01,4.34,11.5
(2476) Andersen,266.5,82.2,10.8,0.11,2.68,3.03,324.5,0.187,3.37,5.26,11.5
(4493) Naitomitsu,160.9,264.4,9,0.07,2.8,3.02,270.6,0.188,3.25,5.25,11.5
(1623) Vivian,321,115.3,2.5,0.15,2.66,3.14,131.7,0.177,3.63,5.57,11.5
(4436) Ortizmoreno,35.1,90.4,17.3,0.06,3.05,3.25,51,0.168,3.44,5.85,11.5
(4461) Sayama,149.9,133.2,16,0.13,2.48,2.85,286.5,0.205,3.22,4.82,11.5
(17428) Charleroi,327.2,255.9,8.4,0.11,3.49,3.93,143.4,0.126,4.38,7.8,11.5
(941) Murray,334.5,52.3,6.6,0.2,2.24,2.78,97.1,0.212,3.33,4.64,11.5
(1499) Pori,74.6,239.6,12.2,0.19,2.17,2.67,263.3,0.226,3.17,4.36,11.5
(1725) CrAO,230.3,119.1,3.2,0.09,2.65,2.9,15.2,0.199,3.16,4.95,11.5
(2020) Ukko,328.6,148.6,11.1,0.06,2.83,3.02,4.1,0.187,3.21,5.26,11.5
(2576) Yesenin,7.2,311,12.1,0.13,2.7,3.1,96.4,0.181,3.49,5.45,11.5
(4140) Branham,219.8,127,7.7,0.12,2.64,3.01,97.2,0.189,3.38,5.21,11.5
(4730) Xingmingzhou,209.8,80.5,12,0.04,2.99,3.13,118,0.178,3.26,5.53,11.5
(1375) Alfreda,31.4,52.7,5.8,0.07,2.27,2.45,49.2,0.258,2.62,3.83,11.5
(2105) Gudy,155.9,273.5,29.3,0.15,2.03,2.39,97.8,0.267,2.75,3.69,11.5
(3278) Behounek,111.8,77.7,9.7,0.02,3.16,3.21,322,0.171,3.27,5.76,11.5
-5480,160.9,120.4,6.7,0.1,2.82,3.13,227.3,0.178,3.43,5.54,11.5
(1174) Marmara,353.9,0.9,10.1,0.11,2.69,3.02,352.7,0.188,3.35,5.26,11.5
(1360) Tarka,287.7,331.4,22.8,0.21,2.07,2.63,298.7,0.231,3.2,4.27,11.5
(1557) Roehla,4.2,355.1,10.3,0.11,2.69,3.01,57.4,0.188,3.34,5.23,11.5
(1672) Gezelle,255,181.3,1.1,0.28,2.29,3.17,277.7,0.175,4.05,5.64,11.5
(2140) Kemerovo,115.5,274.5,7,0.06,2.82,2.99,115.4,0.191,3.16,5.16,11.5
(2217) Eltigen,172.4,127.4,2.2,0.17,2.61,3.15,200.7,0.176,3.69,5.59,11.5
(3162) Nostalgia,315.2,128.6,17.9,0.16,2.66,3.15,318.1,0.176,3.65,5.6,11.5
(3955) Bruckner,81.8,23.5,10.4,0.08,2.78,3.02,262.9,0.188,3.25,5.24,11.5
(1373) Cincinnati,99,297.4,38.9,0.32,2.34,3.42,50.1,0.156,4.5,6.32,11.5
(2523) Ryba,287.7,282.3,8.9,0.03,2.91,3.02,258.8,0.188,3.12,5.24,11.5
(2793) Valdaj,201.8,356.2,22,0.03,3.07,3.17,286.2,0.175,3.26,5.64,11.5
(4381) Uenohara,228.8,108,11.2,0.08,2.8,3.03,305.7,0.187,3.26,5.27,11.5
(948) Jucunda,162.8,357.1,8.7,0.16,2.53,3.03,217.1,0.187,3.52,5.27,11.5
(1121) Natascha,50,357.9,6.2,0.16,2.15,2.55,147.6,0.242,2.95,4.07,11.5
(1176) Lucidor,155.4,272.1,6.6,0.14,2.31,2.69,41.6,0.223,3.08,4.42,11.5
(1497) Tampere,28.1,299.9,1.1,0.08,2.65,2.89,164.4,0.2,3.13,4.92,11.5
(2032) Ethel,297,30.1,1.5,0.13,2.68,3.07,25,0.183,3.45,5.37,11.5
(4163) Saaremaa,10.5,128.8,11.1,0.04,2.89,3.02,342.3,0.188,3.15,5.25,11.5
(9661) Hohmann,287.2,56.5,13,0.23,3.03,3.94,119.5,0.126,4.86,7.82,11.5
(1160) Illyria,5.5,3.7,14.9,0.12,2.26,2.56,70.8,0.24,2.86,4.1,11.5
(2027) Shen Guo,353.7,55,11,0.09,2.74,3.02,122.2,0.188,3.3,5.25,11.5
(3330) Gantrisch,306.6,9.8,10.3,0.2,2.52,3.15,32.7,0.176,3.79,5.6,11.5
(7895) Kaseda,37,133.4,13.2,0.15,2.67,3.15,95.8,0.176,3.63,5.59,11.5
(8721) AMOS,87.5,265.2,5.4,0.03,3.77,3.88,6.2,0.129,3.99,7.65,11.5
(1552) Bessel,40.3,9.9,9.8,0.1,2.71,3.01,315.4,0.189,3.31,5.22,11.5
(2297) Daghestan,94.6,140.4,1.6,0.12,2.79,3.18,179.7,0.174,3.57,5.67,11.5
(3003) Koncek,286.2,103.6,11.6,0.12,2.67,3.02,331.2,0.188,3.38,5.26,11.5
(4003) Schumann,117.7,189.3,5.1,0.09,3.11,3.43,25.8,0.155,3.75,6.34,11.5
(4649) Sumoto,313,80.7,15.4,0.12,2.41,2.74,121.9,0.217,3.07,4.54,11.5
(4930) Rephiltim,358.2,122.1,15.5,0.05,2.96,3.12,187,0.179,3.29,5.52,11.5
(4967) Glia,230.5,124.7,17,0.04,3.03,3.15,310.2,0.176,3.27,5.59,11.5
-23301,357,301.5,21.4,0.19,3.21,3.99,188.9,0.124,4.76,7.96,11.5
(1607) Mavis,236.2,122.3,8.6,0.3,1.78,2.55,67.4,0.242,3.33,4.07,11.5
(1698) Christophe,133.2,26.7,1.5,0.11,2.82,3.16,0.3,0.176,3.5,5.62,11.5
(2677) Joan,17.2,194.6,10.1,0.05,2.84,2.99,68.7,0.19,3.15,5.18,11.5
-8838,58.7,205.3,11.1,0.01,3.11,3.14,239.3,0.177,3.17,5.56,11.5
(1228) Scabiosa,206.6,307.7,3.3,0.04,2.66,2.77,284.4,0.214,2.88,4.61,11.5
(1233) Kobresia,333.3,291.4,5.6,0.06,2.41,2.56,26.2,0.241,2.7,4.09,11.5
(1403) Idelsonia,192.3,157,10.2,0.29,1.92,2.72,184.6,0.22,3.52,4.48,11.5
(1502) Arenda,272.6,204.3,4.1,0.09,2.49,2.73,327.6,0.218,2.97,4.52,11.5
(1724) Vladimir,295.8,163.9,12.2,0.06,2.56,2.71,336.5,0.221,2.87,4.47,11.5
(1799) Koussevitzky,193.8,156.6,11.5,0.12,2.67,3.03,12.4,0.187,3.39,5.26,11.5
(4236) Lidov,145.4,348.6,7.3,0.04,3.3,3.44,60.9,0.154,3.58,6.39,11.5
-7588,262.1,319.7,20.7,0.14,2.76,3.22,214.3,0.17,3.68,5.78,11.5
(873) Mechthild,109.6,150,5.3,0.15,2.24,2.63,59,0.231,3.02,4.26,11.5
(1901) Moravia,149.2,94,24.1,0.08,2.99,3.24,250.2,0.169,3.48,5.82,11.5
(2646) Abetti,37.5,352.2,9.7,0.09,2.73,3.01,146.8,0.188,3.3,5.23,11.5
(3475) Fichte,229.2,241.9,15,0.12,2.78,3.18,339.4,0.174,3.58,5.67,11.5
(5567) Durisen,308.1,9,16.2,0.22,2.3,2.94,315.3,0.195,3.59,5.05,11.5
(1442) Corvina,129.1,220.7,1.3,0.08,2.65,2.88,42.3,0.202,3.1,4.88,11.5
(2425) Shenzhen,243.9,52.5,10.9,0.09,2.73,3,66.3,0.19,3.28,5.2,11.5
(2713) Luxembourg,301.5,339.3,1.3,0.03,2.78,2.85,216.7,0.205,2.93,4.82,11.5
(3095) Omarkhayyam,117.3,292.4,3,0.08,3.21,3.49,225.8,0.151,3.77,6.53,11.5
-15638,224.8,118.6,9.4,0.18,3.25,3.99,272.6,0.124,4.73,7.98,11.5
(867) Kovacia,72.6,46.3,6,0.12,2.7,3.07,7.7,0.183,3.44,5.38,11.5
(1406) Komppa,86.6,333,12.4,0.1,2.43,2.7,280.2,0.223,2.96,4.43,11.5
(2270) Yazhi,188.2,75.8,2.1,0.14,2.69,3.14,247.1,0.177,3.59,5.58,11.5
(3089) Oujianquan,184,88.2,16.7,0.19,2.39,2.93,9,0.196,3.47,5.02,11.5
(4732) Froeschle,140.8,226.3,16.9,0.07,2.93,3.16,119.2,0.176,3.39,5.61,11.5
(5374) Hokutosei,249.6,299.9,12.3,0.1,2.85,3.17,10.8,0.175,3.49,5.65,11.5
(916) America,41.8,329.7,11.1,0.24,1.81,2.36,338.8,0.271,2.92,3.64,11.5
(1615) Bardwell,254.3,152.4,1.7,0.18,2.55,3.12,273.5,0.179,3.69,5.5,11.5
(4224) Susa,182.1,200.8,12.1,0.19,2.37,2.92,343.1,0.198,3.46,4.98,11.5
(7124) Glinos,71.9,273.5,17.9,0.04,3.02,3.14,16.7,0.177,3.25,5.56,11.5
(14669) Beletic,248.2,195.5,5.8,0.13,3.48,3.99,109.3,0.124,4.51,7.97,11.5
(923) Herluga,201.6,197.4,14.5,0.19,2.11,2.62,280.7,0.233,3.12,4.23,11.6
(1301) Yvonne,302,161.5,34,0.27,2.02,2.77,293.8,0.214,3.51,4.6,11.6
(3899) Wichterle,325.1,81.9,2.8,0.17,2.64,3.19,82.8,0.173,3.74,5.7,11.6
(835) Olivia,67.9,308.4,3.7,0.09,2.94,3.22,273.7,0.171,3.5,5.78,11.6
(1395) Aribeda,108.5,244.8,8.7,0.07,2.99,3.2,89.2,0.172,3.42,5.74,11.6
(1553) Bauersfelda,23.2,110.7,3.2,0.1,2.63,2.91,351,0.199,3.18,4.96,11.6
(2185) Guangdong,262.2,60.5,9.6,0.16,2.27,2.71,162.4,0.221,3.15,4.45,11.6
(2347) Vinata,107.9,290.4,13.1,0.21,2.42,3.09,51.8,0.182,3.75,5.43,11.6
(3625) Fracastoro,109.2,222.2,5,0.12,2.69,3.06,106.8,0.185,3.42,5.34,11.6
(3784) Chopin,193,94.5,13.5,0.16,2.62,3.13,58.9,0.178,3.64,5.54,11.6
(4209) Briggs,13.8,330.1,21.6,0.08,2.9,3.16,291.3,0.176,3.41,5.61,11.6
(5489) Oberkochen,265.3,102.1,14,0.18,2.15,2.63,210.4,0.231,3.11,4.26,11.6
(5670) Rosstaylor,197.4,270.6,19.9,0.11,2.82,3.17,253.2,0.174,3.53,5.66,11.6
(1587) Kahrstedt,98.4,357.3,7.8,0.16,2.15,2.54,267.1,0.243,2.94,4.06,11.6
(2578) Saint-Exupery,334.7,55.5,10.6,0.09,2.72,3,113.8,0.19,3.28,5.2,11.6
(6137) Johnfletcher,83.4,336.8,15.4,0.06,3.01,3.22,26.4,0.171,3.42,5.78,11.6
(1582) Martir,127.9,93.9,11.6,0.13,2.76,3.15,127,0.176,3.55,5.6,11.6
(3896) Pordenone,316,232.7,9.7,0.04,2.89,3.01,260.7,0.189,3.13,5.22,11.6
(4103) Chahine,329.3,23.1,27,0.19,1.92,2.38,61.6,0.268,2.84,3.67,11.6
(1201) Strenua,167.2,203.1,7,0.04,2.59,2.7,353.1,0.222,2.8,4.43,11.6
(2387) Xi'an,42.8,53,10.9,0.08,2.79,3.02,215.5,0.188,3.25,5.25,11.6
(4717) Kaneko,242.4,73.2,10.8,0.09,2.73,3.02,333.5,0.188,3.3,5.24,11.6
-11410,266.1,39.3,5.8,0.16,3.29,3.94,3.8,0.126,4.59,7.82,11.6
(961) Gunnie,285,26.6,11,0.09,2.44,2.69,178.9,0.223,2.94,4.42,11.6
(1849) Kresak,130.8,50.3,10.8,0.02,3,3.05,125.9,0.185,3.11,5.33,11.6
(2562) Chaliapin,245.6,339.7,10.2,0.05,2.87,3.01,281,0.189,3.15,5.22,11.6
(3222) Liller,127.5,150.7,16,0.07,2.88,3.09,200.1,0.182,3.29,5.42,11.6
(1438) Wendeline,129.1,238.2,2,0.24,2.41,3.16,137.2,0.176,3.91,5.61,11.6
(1519) Kajaani,339,15.8,12.6,0.24,2.38,3.13,198.1,0.178,3.88,5.53,11.6
(1541) Estonia,190.7,1.4,4.9,0.07,2.58,2.77,184.8,0.214,2.96,4.6,11.6
(1658) Innes,189.4,95.3,9.1,0.18,2.09,2.56,152.4,0.24,3.03,4.1,11.6
(1913) Sekanina,35.5,358.3,1.6,0.07,2.67,2.88,178.6,0.202,3.09,4.89,11.6
(3911) Otomo,134.5,210.3,10.7,0.09,2.75,3.04,313.1,0.186,3.33,5.3,11.6
(11542) Solikamsk,49.2,16.8,6.9,0.24,3,3.95,337.5,0.125,4.9,7.85,11.6
(1389) Onnie,295.9,174.5,2.1,0.01,2.83,2.86,33.5,0.203,2.9,4.85,11.6
(2046) Leningrad,284.7,73.5,2.7,0.18,2.58,3.16,25.3,0.176,3.73,5.61,11.6
(3727) Maxhell,162.8,161.5,5.4,0.15,2.82,3.32,39.7,0.163,3.82,6.04,11.6
(4186) Tamashima,275.5,144.7,24.1,0.07,2.89,3.11,331.5,0.18,3.32,5.47,11.6
(4712) Iwaizumi,350.7,333.8,12.2,0.14,2.71,3.15,112.1,0.176,3.59,5.59,11.6
(5042) Colpa,180.1,86.2,11.1,0.05,2.85,3,234.1,0.189,3.16,5.21,11.6
(6574) Gvishiani,240.1,349.3,17.7,0.19,2.75,3.4,346.9,0.157,4.06,6.27,11.6
(637) Chrysothemis,180.9,351.2,0.2,0.12,2.8,3.18,318.3,0.174,3.55,5.66,11.6
(1224) Fantasia,129.4,258,7.9,0.2,1.85,2.3,195.4,0.282,2.76,3.5,11.6
(1630) Milet,94.7,54.4,4.5,0.17,2.52,3.03,270.2,0.187,3.54,5.28,11.6
(1852) Carpenter,354.1,95.3,11.2,0.06,2.82,3.01,209.8,0.188,3.21,5.23,11.6
(2550) Houssay,242.4,158.3,10.4,0.17,2.67,3.2,107.3,0.172,3.73,5.72,11.6
(3507) Vilas,182.4,88.2,3.2,0.16,2.64,3.13,269.1,0.178,3.63,5.54,11.6
(291) Alice,331.7,161.6,1.9,0.09,2.02,2.22,287.9,0.297,2.43,3.31,11.6
(440) Theodora,179.1,291.9,1.6,0.11,1.97,2.21,44.6,0.3,2.45,3.29,11.6
(851) Zeissia,7.2,141.2,2.4,0.09,2.03,2.23,270.5,0.296,2.43,3.33,11.6
(1660) Wood,277.3,212.7,20.6,0.3,1.68,2.4,153.2,0.266,3.12,3.71,11.6
(2058) Roka,181.9,95.3,2.5,0.14,2.68,3.13,119.8,0.178,3.58,5.53,11.6
(2846) Ylppo,71.1,144.5,11.4,0.07,2.99,3.22,36.5,0.17,3.46,5.79,11.6
(3339) Treshnikov,147.4,84.7,17.8,0.13,2.76,3.18,65.6,0.174,3.6,5.67,11.6
(4059) Balder,31,238,9.5,0.07,2.81,3.02,109.1,0.188,3.22,5.24,11.6
(5222) Ioffe,331.2,220.6,34.6,0.14,2.37,2.77,6.5,0.213,3.18,4.62,11.6
(2365) Interkosmos,207.7,282.7,5.4,0.12,2.24,2.54,272.1,0.243,2.84,4.06,11.6
(2690) Ristiina,263.5,135.9,11.4,0.11,2.7,3.04,257.2,0.186,3.38,5.29,11.6
(421) Zahringia,209,187.4,7.8,0.28,1.82,2.54,161.8,0.243,3.26,4.05,11.6
(475) Ocllo,305.9,34.4,19,0.38,1.61,2.59,161.2,0.236,3.58,4.17,11.6
(672) Astarte,309.1,343.8,11.1,0.14,2.21,2.55,202.5,0.241,2.9,4.08,11.6
(801) Helwerthia,337.3,185.9,14.1,0.08,2.41,2.6,341.7,0.235,2.8,4.2,11.6
(857) Glasenappia,239.1,82.9,5.3,0.09,2,2.19,64.8,0.304,2.38,3.24,11.6
(1138) Attica,106.5,283.4,14,0.08,2.9,3.15,25,0.176,3.39,5.59,11.6
-16785,88.9,300.6,18.4,0.1,2.84,3.16,61.9,0.176,3.47,5.61,11.6
(749) Malzovia,128.8,109.7,5.4,0.17,1.85,2.24,38.6,0.293,2.63,3.36,11.6
(1477) Bonsdorffia,105.3,319.8,15.8,0.27,2.36,3.21,119.8,0.171,4.06,5.75,11.6
(1777) Gehrels,132.7,334.5,3.1,0.02,2.57,2.63,278.2,0.232,2.68,4.25,11.6
(2428) Kamenyar,348.6,8.2,9.3,0.1,2.86,3.16,137.9,0.175,3.47,5.62,11.6
(2613) Plzen,198.5,277.3,13,0.04,2.91,3.04,30.2,0.186,3.17,5.3,11.6
(3332) Raksha,277.3,138.6,14.8,0.09,2.33,2.54,40.2,0.243,2.76,4.06,11.6
(1535) Paijanne,41.1,264.6,6.1,0.2,2.55,3.17,116.8,0.175,3.79,5.64,11.6
(1812) Gilgamesh,259.9,178.5,10.3,0.08,2.76,3.01,35,0.189,3.25,5.21,11.6
(2010) Chebyshev,32.8,8.5,2.4,0.19,2.5,3.09,23.6,0.181,3.68,5.43,11.6
(3767) DiMaggio,74.3,122.8,13.7,0.14,2.24,2.6,83.8,0.235,2.97,4.2,11.6
(4768) Hartley,26.2,320.4,20.1,0.24,2.41,3.17,122.9,0.175,3.93,5.64,11.6
(6025) Naotosato,157,279.9,9,0.07,2.82,3.02,47.5,0.188,3.22,5.25,11.6
(2228) Soyuz-Apollo,284.6,140.4,2,0.18,2.58,3.14,48.3,0.177,3.7,5.56,11.6
(2740) Tsoj,93.9,197.7,9.4,0.07,2.79,3,275.5,0.19,3.21,5.2,11.6
(3366) Godel,145.9,180,10,0.09,2.74,3,180.1,0.189,3.26,5.2,11.6
(4714) Toyohiro,37.2,336.2,9.8,0.12,2.66,3.02,210,0.187,3.39,5.26,11.6
-23186,101.7,98.2,13.1,0.12,3.5,4,154.9,0.123,4.49,7.99,11.6
-24127,269.7,84,22.7,0.07,2.98,3.19,184.2,0.173,3.4,5.71,11.6
(998) Bodea,71.7,301.1,15.5,0.21,2.45,3.12,88,0.179,3.78,5.5,11.6
(1653) Yakhontovia,88.8,304,4.1,0.32,1.77,2.61,165.6,0.233,3.45,4.22,11.6
(2729) Urumqi,267.9,64,3.2,0.07,2.69,2.89,104.4,0.2,3.09,4.92,11.6
(3106) Morabito,290.4,121.4,14.9,0.24,2.39,3.14,357.3,0.177,3.9,5.57,11.6
(3328) Interposita,274.2,60.3,11.5,0.11,2.68,3.01,145.8,0.188,3.35,5.23,11.6
(3992) Wagner,159,168.8,10.4,0.08,2.78,3.02,62.9,0.188,3.26,5.24,11.6
-5528,331.2,140.4,16.4,0.05,3.09,3.25,226,0.169,3.4,5.85,11.6
(2324) Janice,304.8,315.6,0.4,0.18,2.53,3.08,287.2,0.182,3.64,5.42,11.6
(2434) Bateson,284.1,27.3,15.6,0.17,2.57,3.08,271.8,0.182,3.6,5.42,11.6
(2808) Belgrano,116.8,314.3,9,0.08,2.76,3.01,226.6,0.189,3.25,5.22,11.6
(8915) Sawaishujiro,326.4,245.1,3.7,0.05,3.73,3.93,156.1,0.127,4.13,7.78,11.6
(813) Baumeia,316.1,51.9,6.3,0.03,2.17,2.22,341.6,0.297,2.28,3.31,11.6
(1110) Jaroslawa,78.6,241.7,5.9,0.24,1.68,2.22,41.6,0.298,2.75,3.3,11.6
(1220) Crocus,331.2,113.3,11.4,0.08,2.78,3.01,338.9,0.189,3.23,5.21,11.6
(2452) Lyot,199.6,2.2,11.7,0.11,2.83,3.17,261.4,0.174,3.52,5.65,11.6
(2522) Triglav,238.6,272.4,8.8,0.05,2.87,3.02,316.1,0.188,3.17,5.25,11.6
(2889) Brno,123.8,220.1,9.5,0.12,2.66,3.02,110.2,0.188,3.38,5.25,11.6
(3273) Drukar,225.8,45.7,14.1,0.02,3.33,3.4,37.6,0.157,3.48,6.28,11.6
(3761) Romanskaya,83.6,207.2,16.2,0.28,2.25,3.13,342.8,0.178,4,5.53,11.6
(1089) Tama,354.4,71.4,3.7,0.13,1.93,2.21,80.8,0.299,2.5,3.29,11.6
(1147) Stavropolis,15.8,265.1,3.9,0.23,1.74,2.27,242.5,0.288,2.8,3.42,11.6
(1187) Afra,74.8,327.1,10.7,0.22,2.05,2.64,60,0.23,3.23,4.29,11.6
(2206) Gabrova,160.2,63.5,10.9,0.05,2.86,3.01,77.7,0.188,3.17,5.23,11.6
(2661) Bydzovsky,117.5,321,9.9,0.09,2.76,3.03,85.5,0.187,3.29,5.27,11.6
(2983) Poltava,87.4,247.7,4.3,0.06,2.68,2.85,351.4,0.205,3.01,4.8,11.6
(3985) Raybatson,151.1,83.9,16.3,0.1,2.57,2.85,10.9,0.205,3.13,4.81,11.6
(15278) Paquet,64.3,344.7,9.3,0.22,3.12,3.99,355.2,0.124,4.86,7.97,11.6
(687) Tinette,52.6,334.3,14.9,0.27,1.98,2.72,155.7,0.219,3.46,4.49,11.6
(2724) Orlov,145.5,153.4,4,0.12,2.57,2.93,139.6,0.197,3.29,5.01,11.6
(3151) Talbot,37.5,212.2,19.5,0.14,2.38,2.76,295.8,0.215,3.14,4.59,11.6
(3197) Weissman,313,111.6,16.4,0.18,2.18,2.66,53.9,0.227,3.15,4.35,11.6
(4672) Takuboku,177.4,91.6,15.5,0.05,3.04,3.19,99.6,0.173,3.34,5.69,11.6
(5886) Rutger,277,78.3,11.5,0.11,2.69,3.01,84.8,0.188,3.33,5.23,11.6
(853) Nansenia,60.7,182.8,9.2,0.11,2.07,2.31,276.9,0.28,2.56,3.52,11.6
(1078) Mentha,44.3,93.8,7.4,0.14,1.96,2.27,170.6,0.288,2.58,3.42,11.6
(1244) Deira,261.8,277,8.7,0.1,2.12,2.34,329.3,0.275,2.57,3.59,11.6
(1300) Marcelle,353.5,82.9,9.6,0.01,2.76,2.78,258.4,0.213,2.8,4.64,11.6
(2123) Vltava,56.7,311.4,1,0.08,2.64,2.86,143.3,0.204,3.08,4.83,11.6
(2396) Kochi,50.1,158.3,12.6,0.07,2.59,2.79,83.7,0.211,3,4.67,11.6
(2433) Sootiyo,71.1,188.2,10.4,0.22,2.03,2.61,84.7,0.234,3.18,4.21,11.6
(2534) Houzeau,201.8,167.9,0.8,0.17,2.63,3.15,224.7,0.176,3.68,5.6,11.6
(2591) Dworetsky,269.5,356,1.5,0.04,2.82,2.94,29.7,0.196,3.06,5.04,11.6
(3876) Quaide,191.1,101.4,11.2,0.08,2.76,3.02,255.7,0.188,3.27,5.24,11.6
(901) Brunsia,68.4,265,3.4,0.22,1.73,2.22,2,0.297,2.71,3.32,11.6
(988) Appella,336.6,41.7,1.6,0.24,2.39,3.14,84.9,0.177,3.88,5.56,11.6
(1206) Numerowia,281.8,324.2,13,0.05,2.72,2.87,201.9,0.203,3.02,4.86,11.6
(1384) Kniertje,275.9,152.8,11.9,0.18,2.2,2.68,108.5,0.225,3.16,4.38,11.6
(1431) Luanda,224,117.7,14,0.18,2.14,2.62,178.2,0.233,3.1,4.24,11.6
(1560) Strattonia,94.5,289.1,6.3,0.21,2.12,2.69,203.2,0.224,3.26,4.4,11.6
(1882) Rauma,127,201.2,9.5,0.09,2.73,3.01,28.3,0.189,3.28,5.21,11.6
(2107) Ilmari,177,221.1,8.8,0.08,2.42,2.63,130.8,0.231,2.83,4.26,11.6
(2553) Viljev,251.6,120,5.2,0.05,2.94,3.09,338.9,0.182,3.23,5.42,11.6
(2599) Veseli,341.8,353.3,15.4,0.17,2.12,2.53,350.5,0.244,2.95,4.03,11.6
(2836) Sobolev,320.7,348,9.7,0.09,2.73,3,51.1,0.19,3.27,5.2,11.6
(3647) Dermott,218.2,126.1,8,0.1,2.51,2.8,181.9,0.21,3.09,4.68,11.6
-6067,71.9,233.1,10.5,0.05,3.01,3.16,47.8,0.175,3.31,5.62,11.6
(919) Ilsebill,156.7,229.8,8.2,0.08,2.54,2.77,355.8,0.214,3.01,4.61,11.7
(1644) Rafita,197.5,270.8,7,0.16,2.15,2.55,283.4,0.243,2.95,4.06,11.7
(2040) Chalonge,90.9,38.4,14.6,0.19,2.52,3.11,78.3,0.179,3.71,5.49,11.7
(6237) Chikushi,206.6,25.5,5.4,0.07,3.65,3.93,102.4,0.127,4.21,7.78,11.7
-9247,253.8,213,26.5,0.07,2.9,3.11,58.6,0.18,3.32,5.49,11.7
(825) Tanina,111.4,101.4,3.4,0.07,2.06,2.23,227.9,0.297,2.39,3.32,11.7
(865) Zubaida,302.2,176.9,13.4,0.2,1.94,2.42,251.5,0.263,2.89,3.75,11.7
(1571) Cesco,141.3,292.3,14.6,0.12,2.78,3.14,230.6,0.177,3.5,5.57,11.7
(1638) Ruanda,86.2,200.8,0.3,0.19,2.22,2.75,189.6,0.216,3.27,4.55,11.7
(2138) Swissair,170.2,105.5,5.9,0.07,2.5,2.68,228.6,0.224,2.87,4.4,11.7
(2173) Maresjev,167.3,174.6,14.4,0.11,2.78,3.14,17.5,0.177,3.5,5.56,11.7
(2601) Bologna,191.6,288.1,9.6,0.06,2.92,3.13,283.3,0.178,3.33,5.53,11.7
(3088) Jinxiuzhonghua,313.6,171,10.2,0.05,2.88,3.02,347.1,0.188,3.17,5.25,11.7
(4916) Brumberg,274.3,148,10.8,0.1,2.75,3.04,351.4,0.186,3.34,5.31,11.7
(1039) Sonneberga,325.8,221.6,4.6,0.06,2.52,2.68,147.1,0.225,2.84,4.39,11.7
(2787) Tovarishch,65.6,30.1,10.3,0.06,2.84,3.02,208.5,0.188,3.2,5.25,11.7
(6359) Dubinin,40.1,89.1,10.7,0.11,2.86,3.21,52.9,0.172,3.55,5.74,11.7
(1203) Nanna,177.4,224.5,6,0.25,2.16,2.88,339,0.201,3.61,4.89,11.7
(1741) Giclas,337.9,55.3,2.9,0.07,2.69,2.88,141.6,0.201,3.08,4.9,11.7
(2459) Spellmann,219,216.2,9.7,0.07,2.8,3.02,343.1,0.188,3.25,5.25,11.7
(3308) Ferreri,273.1,172.3,23.6,0.19,2.56,3.14,3.9,0.177,3.73,5.58,11.7
(8660) Sano,261.9,85.7,6.6,0.04,3.13,3.26,324.7,0.168,3.39,5.88,11.7
(929) Algunde,23,231.3,3.9,0.11,1.98,2.24,301.3,0.294,2.49,3.35,11.7
(1495) Helsinki,268.6,13.1,12.7,0.15,2.23,2.64,93.3,0.23,3.05,4.29,11.7
(2184) Fujian,122.3,256.4,5.2,0.09,2.88,3.18,225.9,0.174,3.48,5.67,11.7
(3787) Aivazovskij,306,185.7,12.1,0.13,2.47,2.85,178.3,0.205,3.23,4.81,11.7
-12559,274.8,298.8,14,0.04,3.08,3.2,287.4,0.172,3.32,5.72,11.7
(1094) Siberia,310.6,149.1,14,0.13,2.21,2.55,83.2,0.243,2.88,4.06,11.7
(1125) China,10,97.1,3,0.22,2.45,3.13,319.3,0.178,3.81,5.54,11.7
(1159) Granada,312.4,347.8,13,0.06,2.24,2.38,14.2,0.269,2.52,3.67,11.7
(2352) Kurchatov,119.5,232,14.8,0.11,2.76,3.11,26.3,0.18,3.45,5.48,11.7
(4201) Orosz,13.5,238.1,8.9,0.23,2.44,3.16,63,0.175,3.88,5.62,11.7
(4870) Shcherban',342.5,83.4,9.7,0.08,2.95,3.22,5.8,0.171,3.48,5.77,11.7
(4973) Showa,129.9,352.8,18.9,0.08,3.16,3.43,215.3,0.155,3.69,6.34,11.7
(5928) Pindarus,104.1,163.9,9.3,0.12,3.5,3.97,242.8,0.125,4.44,7.91,11.7
(7605) Cindygraber,272.2,311.6,25.9,0.07,2.93,3.16,201.1,0.176,3.38,5.61,11.7
-19752,316,155.3,23.9,0.15,3.38,4,76.6,0.123,4.62,7.99,11.7
(1056) Azalea,212.4,104.1,5.4,0.18,1.83,2.23,216.7,0.296,2.63,3.33,11.7
(1313) Berna,100.4,298.1,12.6,0.21,2.11,2.66,336.2,0.228,3.2,4.33,11.7
(1568) Aisleen,229.1,146.1,24.9,0.25,1.75,2.35,157.5,0.273,2.95,3.61,11.7
(1802) Zhang Heng,299,142.5,2.7,0.03,2.75,2.84,81.6,0.206,2.94,4.79,11.7
(2715) Mielikki,144.7,200.6,6.7,0.15,2.32,2.74,45.2,0.218,3.15,4.53,11.7
(3032) Evans,274.6,88.4,3.2,0.08,2.66,2.89,206.9,0.2,3.13,4.92,11.7
(3099) Hergenrother,147.9,31,15.5,0.2,2.3,2.88,114.4,0.202,3.46,4.89,11.7
(3325) TARDIS,85,46.2,22.2,0.02,3.12,3.19,137.7,0.173,3.25,5.69,11.7
(6655) Nagahama,333.1,75,10.8,0.08,2.76,3,221,0.19,3.23,5.19,11.7
-21904,114.9,73.4,21.5,0.11,2.81,3.14,14.9,0.177,3.48,5.58,11.7
(262) Valda,26.3,38.3,7.7,0.21,2.01,2.55,272.6,0.242,3.09,4.08,11.7
(898) Hildegard,49.8,241.5,10.1,0.37,1.71,2.73,207.5,0.219,3.74,4.5,11.7
(1719) Jens,57.7,323.4,14.3,0.22,2.07,2.66,148.4,0.228,3.25,4.33,11.7
(1910) Mikhailov,326.1,200.8,10.4,0.05,2.88,3.04,156.2,0.186,3.21,5.31,11.7
(2197) Shanghai,70.1,56.3,2.5,0.13,2.74,3.15,160,0.176,3.56,5.59,11.7
(2587) Gardner,183.3,87.7,2.6,0.15,2.68,3.17,351.2,0.175,3.66,5.64,11.7
(4976) Choukyongchol,66,260.6,8.6,0.1,2.71,3.02,116.2,0.187,3.34,5.26,11.7
(3093) Bergholz,61.3,278.4,12.8,0.2,2.13,2.68,23.9,0.225,3.22,4.38,11.7
(3615) Safronov,111.1,134.9,2.1,0.14,2.73,3.15,278.7,0.176,3.58,5.6,11.7
(4288) Tokyotech,325.3,44.6,14,0.18,2.16,2.63,83.6,0.231,3.09,4.26,11.7
(4368) Pillmore,111.8,225.4,20.9,0.03,3.1,3.19,118.2,0.173,3.28,5.69,11.7
(6031) Ryokan,146,84.1,10.9,0.03,2.93,3.01,315.9,0.188,3.1,5.23,11.7
(8743) Keneke,133.2,148,16.7,0.16,3.32,3.93,55.4,0.127,4.54,7.79,11.7
(1650) Heckmann,56.6,199.7,2.8,0.16,2.04,2.43,72.2,0.259,2.83,3.8,11.7
(1662) Hoffmann,63.4,330.4,4.2,0.17,2.26,2.74,64.1,0.217,3.22,4.54,11.7
(2141) Simferopol,56.5,271.6,5.9,0.13,2.44,2.8,177.7,0.21,3.17,4.69,11.7
(2492) Kutuzov,271.2,20.3,0.8,0.14,2.75,3.2,125.7,0.172,3.66,5.73,11.7
(2573) Hannu Olavi,148.3,54.1,13,0.1,2.71,3.02,219.3,0.188,3.33,5.25,11.7
(2655) Guangxi,353.2,87.8,17.2,0.17,2.66,3.19,263.7,0.173,3.71,5.69,11.7
(2752) Wu Chien-Shiung,197.4,186.2,10.1,0.11,2.68,3.02,71.9,0.188,3.36,5.25,11.7
(3471) Amelin,156.9,334.6,15.3,0.05,3.05,3.2,317.9,0.172,3.35,5.72,11.7
(3479) Malaparte,95.1,196.1,12.5,0.11,2.72,3.05,180.2,0.185,3.37,5.32,11.7
(3812) Lidaksum,35.4,122.9,18.4,0.12,2.8,3.17,169.8,0.174,3.55,5.65,11.7
(4914) Pardina,151.5,255.2,12.5,0.16,2.21,2.63,115.1,0.232,3.04,4.26,11.7
(473) Nolli,153.6,332.1,12.9,0.11,2.37,2.66,188.8,0.227,2.95,4.34,11.7
(1219) Britta,23.6,42.5,4.4,0.12,1.94,2.21,69.8,0.299,2.49,3.29,11.7
(3277) Aaronson,295,84.9,8.6,0.27,2.31,3.15,157.7,0.176,3.99,5.59,11.7
(3641) Williams Bay,293.7,30.7,16.1,0.13,2.62,2.99,335.6,0.19,3.37,5.18,11.7
(19852) Jamesalbers,218.2,55.4,19.2,0.16,2.67,3.19,167.8,0.173,3.71,5.69,11.7
(1188) Gothlandia,7.2,5.4,4.8,0.18,1.8,2.19,5.2,0.304,2.59,3.24,11.7
(1528) Conrada,59,139.3,8.5,0.15,2.06,2.41,154.2,0.263,2.76,3.75,11.7
(1677) Tycho Brahe,317.7,337.9,14.9,0.11,2.26,2.53,358.1,0.245,2.8,4.03,11.7
(1860) Barbarossa,162.1,132.8,9.9,0.2,2.04,2.57,214.1,0.24,3.09,4.11,11.7
(2051) Chang,175.9,215.1,1.4,0.08,2.62,2.84,7,0.206,3.06,4.79,11.7
(2069) Hubble,69.6,46.3,9.1,0.19,2.55,3.15,179.9,0.176,3.75,5.6,11.7
(2251) Tikhov,183,192.9,7.4,0.15,2.31,2.71,156.2,0.221,3.11,4.46,11.7
(3214) Makarenko,154.5,100.2,11.5,0.06,2.83,3.01,54.2,0.189,3.19,5.23,11.7
(3702) Trubetskaya,254.5,119.9,15.6,0.24,2,2.62,186.6,0.232,3.24,4.24,11.7
(3779) Kieffer,72.9,59.1,13.9,0.11,2.34,2.64,159.3,0.23,2.93,4.28,11.7
(4058) Cecilgreen,252.1,61.7,10.8,0.09,2.73,3.01,51.3,0.189,3.29,5.23,11.7
(4542) Mossotti,150.3,104.1,11.3,0.05,2.86,3.02,183.7,0.188,3.17,5.24,11.7
(5162) Piemonte,356.9,67.8,11.2,0.06,2.83,3.02,60.7,0.188,3.21,5.24,11.7
(5471) Tunguska,28.5,250.2,9.3,0.07,2.78,3,34.5,0.19,3.21,5.19,11.7
(5483) Cherkashin,219.7,59.9,10.2,0.08,2.87,3.13,177.7,0.178,3.38,5.53,11.7
(343) Ostara,10.1,38.6,3.3,0.23,1.86,2.41,85.4,0.263,2.97,3.74,11.7
(1123) Shapleya,317.6,79.8,6.4,0.16,1.88,2.22,319.1,0.297,2.57,3.32,11.7
(1548) Palomaa,87.4,116.9,16.6,0.08,2.56,2.79,70.1,0.212,3.02,4.65,11.7
(1809) Prometheus,231,99.4,3.3,0.1,2.64,2.93,315.5,0.197,3.22,5.01,11.7
(4495) Dassanowsky,210,223.4,5.3,0.15,3.38,3.96,177,0.125,4.54,7.89,11.7
(905) Universitas,343.3,37.1,5.3,0.15,1.88,2.22,56.6,0.299,2.56,3.3,11.7
(2132) Zhukov,337.9,82.3,5.9,0.08,2.56,2.78,130.8,0.212,3,4.64,11.7
(2330) Ontake,130.5,140.4,8.7,0.03,3.07,3.18,29.2,0.174,3.29,5.67,11.7
(2505) Hebei,206.7,59.2,2.1,0.17,2.6,3.15,13.9,0.177,3.69,5.58,11.7
(3902) Yoritomo,356.2,293.6,15.6,0.06,3.02,3.23,105.8,0.17,3.44,5.79,11.7
(4576) Yanotoyohiko,218.5,167.8,10.4,0.12,2.62,2.99,87.7,0.19,3.36,5.18,11.7
(5140) Kida,216.4,163.7,11.5,0.12,2.78,3.17,24.4,0.174,3.57,5.65,11.7
(27396) Shuji,314.5,169.8,22.8,0.09,2.92,3.19,233,0.173,3.47,5.71,11.7
-29538,49.2,87.7,14.7,0.06,3.21,3.4,82.8,0.157,3.59,6.26,11.7
(3045) Alois,330.9,36,3.3,0.11,2.8,3.14,187.2,0.178,3.47,5.55,11.7
(3638) Davis,167,108.9,11.3,0.07,2.79,3.01,15,0.188,3.24,5.23,11.7
(6392) Takashimizuno,246.8,53.1,17.6,0.13,2.79,3.22,259.9,0.171,3.64,5.77,11.7
-8563,353.7,327.6,21.5,0.12,2.61,2.97,296.5,0.192,3.33,5.12,11.7
(2903) Zhuhai,245,232.4,14.4,0.06,2.42,2.56,44.2,0.24,2.71,4.1,11.7
(3157) Novikov,322.6,41.6,7.6,0.15,2.68,3.15,49.4,0.176,3.62,5.6,11.7
-7284,40.5,47.1,6.4,0.17,3.32,3.98,89.7,0.124,4.65,7.95,11.7
(917) Lyka,359.8,343.4,5.1,0.2,1.9,2.38,197.6,0.268,2.86,3.67,11.7
(1489) Attila,26.8,154.6,2.5,0.15,2.7,3.18,7.9,0.173,3.67,5.68,11.7
(1510) Charlois,164.8,331.4,11.8,0.15,2.27,2.67,244.1,0.226,3.07,4.36,11.7
(1840) Hus,28.1,40.3,2.4,0.01,2.88,2.92,195.9,0.198,2.96,4.99,11.7
(1987) Kaplan,38.3,314.2,23.6,0.23,1.84,2.38,162.4,0.268,2.92,3.68,11.7
(3860) Plovdiv,44.9,289.4,8.1,0.15,2.38,2.81,37.4,0.21,3.24,4.7,11.7
(3939) Huruhata,251.1,32.3,24.8,0.1,2.79,3.11,257.4,0.18,3.43,5.48,11.7
(4162) SAF,157.9,254.1,14.2,0.13,2.46,2.84,168.5,0.206,3.21,4.78,11.7
(4290) Heisei,87.4,243.8,8.5,0.1,2.74,3.03,276.6,0.187,3.31,5.26,11.7
(5651) Traversa,228.1,139,14.6,0.16,2.64,3.14,96,0.177,3.64,5.56,11.7
(6136) Gryphon,325.9,135.8,11.2,0.06,2.84,3.02,161.4,0.187,3.21,5.26,11.7
-6222,135.1,53.8,21.4,0.13,2.83,3.24,308.1,0.169,3.64,5.82,11.7
(20038) Arasaki,6.6,56.2,19.6,0.24,3.03,3.99,352.3,0.123,4.96,7.98,11.7
(2203) van Rhijn,327.9,50.2,1.6,0.19,2.51,3.1,79.6,0.18,3.69,5.46,11.7
(3506) French,50.4,342.6,9.1,0.1,2.7,3,66.2,0.19,3.3,5.19,11.7
(3713) Pieters,214.1,109.1,11.4,0.1,2.73,3.02,64.9,0.188,3.32,5.25,11.7
(4100) Sumiko,305.9,89.7,11.1,0.11,2.67,3.01,86.4,0.189,3.34,5.21,11.7
(4170) Semmelweis,120.6,171.4,10.3,0.09,2.75,3.02,167.9,0.188,3.29,5.26,11.7
(4438) Sykes,291.5,56.8,13.3,0.25,2.36,3.16,137.9,0.175,3.96,5.62,11.7
(4958) Wellnitz,213.8,252.9,9.1,0.08,2.78,3.01,338.6,0.188,3.25,5.23,11.7
(7476) Ogilsbie,145.7,57.4,25.8,0.22,2.46,3.16,217.5,0.175,3.87,5.62,11.7
-15161,100,230.6,18.2,0.2,2.57,3.22,343.2,0.171,3.86,5.77,11.7
(900) Rosalinde,122.4,182.2,11.6,0.16,2.07,2.48,118.1,0.253,2.88,3.89,11.8
(1117) Reginita,151,147.1,4.3,0.2,1.8,2.25,227.7,0.293,2.69,3.37,11.8
(1683) Castafiore,346.9,326.5,12.5,0.18,2.25,2.73,177.4,0.218,3.22,4.52,11.8
(2600) Lumme,213.3,95.3,11.7,0.09,2.73,3.01,191.3,0.189,3.29,5.22,11.8
(2699) Kalinin,295.2,63.9,16.2,0.17,2.19,2.64,116.2,0.23,3.08,4.28,11.8
(2932) Kempchinsky,194.7,169,2.3,0.1,3.25,3.62,113,0.143,4,6.9,11.8
(2934) Aristophanes,88.3,202.1,8.8,0.06,2.98,3.17,194.8,0.175,3.35,5.63,11.8
(3078) Horrocks,140.1,32.4,7.1,0.11,2.82,3.15,101.6,0.176,3.48,5.59,11.8
(3312) Pedersen,128.9,214.3,9.7,0.12,2.65,3.01,262.7,0.189,3.37,5.21,11.8
(3329) Golay,70,11.6,10.4,0.08,2.75,3,82.9,0.19,3.24,5.19,11.8
(3582) Cyrano,349.4,59.5,10.9,0.08,2.76,3,77.3,0.19,3.24,5.2,11.8
(3712) Kraft,200.5,287.9,31.7,0.26,2.04,2.73,280.7,0.218,3.43,4.52,11.8
(4716) Urey,99.7,20,10.1,0.13,2.78,3.19,344,0.173,3.6,5.7,11.8
(915) Cosette,39.8,9.3,5.5,0.14,1.92,2.23,328.8,0.296,2.54,3.32,11.8
(1447) Utra,67.4,35.4,4.8,0.04,2.43,2.53,197.2,0.244,2.64,4.04,11.8
(1597) Laugier,54.4,158.3,11.8,0.09,2.6,2.85,239.1,0.205,3.1,4.81,11.8
(2386) Nikonov,311.1,4.8,9.1,0.16,2.37,2.81,206.6,0.209,3.26,4.72,11.8
(3224) Irkutsk,4.3,227.8,4.3,0.17,2.33,2.79,175.5,0.212,3.25,4.65,11.8
(3442) Yashin,296.8,100,12.2,0.14,2.7,3.15,74.3,0.177,3.59,5.58,11.8
(3768) Monroe,224.3,147.6,13.9,0.22,2.43,3.09,349.5,0.181,3.76,5.44,11.8
(7217) Dacke,355,325.5,10.1,0.16,2.69,3.22,319.9,0.171,3.75,5.77,11.8
(855) Newcombia,234.3,17.1,10.9,0.18,1.93,2.36,285.6,0.272,2.79,3.63,11.8
(896) Sphinx,2.2,254.1,8.2,0.16,1.91,2.28,250.9,0.285,2.66,3.45,11.8
(2182) Semirot,200.9,50.9,2.3,0.14,2.69,3.12,277.1,0.179,3.55,5.52,11.8
(3120) Dangrania,134.5,220.3,13,0.1,2.72,3.03,156.6,0.187,3.33,5.26,11.8
(3923) Radzievskij,282.2,152,3.5,0.22,3.09,3.98,352.8,0.124,4.86,7.94,11.8
(4352) Kyoto,349.2,68.5,11.1,0.19,2.23,2.76,171.8,0.215,3.3,4.59,11.8
(1394) Algoa,113.4,178.7,2.7,0.08,2.25,2.44,48.3,0.259,2.62,3.81,11.8
(1835) Gajdariya,80.1,295.9,1,0.09,2.57,2.83,76.4,0.207,3.09,4.77,11.8
(2353) Alva,300.1,24.6,4.8,0.11,2.48,2.8,163.4,0.21,3.12,4.69,11.8
(2414) Vibeke,45.6,356.9,16.7,0.13,2.78,3.2,48.9,0.172,3.62,5.72,11.8
(4663) Falta,13.2,353.1,14.9,0.06,3.01,3.21,342,0.172,3.41,5.75,11.8
-32253,73.6,313.3,21,0.1,2.88,3.19,51.9,0.173,3.5,5.7,11.8
(496) Gryphia,258.5,207.6,3.8,0.08,2.03,2.2,33.7,0.302,2.37,3.26,11.8
(812) Adele,353.5,7.2,13.3,0.17,2.22,2.66,49.8,0.227,3.1,4.34,11.8
(826) Henrika,36.6,230.2,7.1,0.2,2.16,2.71,45.1,0.221,3.27,4.47,11.8
(1504) Lappeenranta,51.2,94.7,11.1,0.16,2.03,2.4,344.3,0.265,2.77,3.72,11.8
(1890) Konoshenkova,14.5,70.3,9.9,0.14,2.77,3.22,2.2,0.171,3.66,5.77,11.8
(2882) Tedesco,6.3,314.3,0.3,0.19,2.55,3.15,206.1,0.176,3.76,5.6,11.8
(1073) Gellivara,289.8,39.5,1.6,0.19,2.59,3.18,337.8,0.173,3.78,5.68,11.8
(1613) Smiley,126.6,320.7,8,0.26,2.02,2.74,31.7,0.218,3.45,4.52,11.8
(1708) Polit,248.6,192.2,6,0.31,2.01,2.91,9.8,0.198,3.81,4.97,11.8
(2305) King,352.5,25.2,7.5,0.03,2.7,2.78,106.8,0.212,2.87,4.65,11.8
(2374) Vladvysotskij,16.5,347.2,15.1,0.22,2.42,3.08,71.1,0.182,3.75,5.42,11.8
(2842) Unsold,204,309.8,11.7,0.1,2.36,2.62,353.5,0.233,2.87,4.23,11.8
(4158) Santini,277.7,4.1,6.2,0.02,3.34,3.4,102.5,0.157,3.46,6.27,11.8
(4896) Tomoegozen,98.8,260.9,16.6,0.17,2.57,3.1,16.9,0.18,3.63,5.47,11.8
(5685) Sanenobufukui,270.3,276.6,7.7,0.09,2.54,2.8,310.4,0.21,3.06,4.68,11.8
(463) Lola,329.5,36.5,13.5,0.22,1.87,2.4,151,0.265,2.93,3.71,11.8
(1380) Volodia,247.9,358.9,10.4,0.11,2.8,3.14,256.6,0.177,3.49,5.58,11.8
(2659) Millis,335.5,157,1.3,0.1,2.81,3.13,8.6,0.178,3.44,5.53,11.8
(3232) Brest,118.5,192,9.9,0.08,2.76,3.02,192.3,0.188,3.27,5.25,11.8
(3904) Honda,125.2,312.2,15,0.1,2.31,2.56,56.3,0.241,2.81,4.09,11.8
(5358) Meineko,84.8,335.4,11.1,0.19,2.33,2.86,135.9,0.204,3.39,4.84,11.8
(7174) Semois,289.9,354.4,12.6,0.17,3.3,4,236,0.123,4.7,7.99,11.8
(725) Amanda,323.1,68.6,3.8,0.22,2,2.57,89.4,0.239,3.14,4.12,11.8
(1182) Ilona,63.4,336.3,9.4,0.12,1.99,2.26,2.1,0.29,2.52,3.4,11.8
(2381) Landi,278.7,150.1,13.6,0.17,2.18,2.61,231.8,0.234,3.05,4.22,11.8
(2426) Simonov,6.3,236.8,8.5,0.12,2.56,2.91,262.5,0.199,3.25,4.96,11.8
(3828) Hoshino,271.2,222,6.2,0.04,3.05,3.17,194.2,0.175,3.29,5.64,11.8
(4226) Damiaan,133,211.9,5.4,0.26,2.13,2.86,81.8,0.203,3.6,4.85,11.8
(4537) Valgrirasp,293.3,227.9,8.8,0.03,2.91,3.01,238.5,0.189,3.11,5.22,11.8
(6619) Kolya,111.8,18,19.1,0.19,2.58,3.17,292.3,0.174,3.76,5.65,11.8
(8086) Peterthomas,287.5,28.4,12.1,0.21,3.13,3.95,161,0.126,4.76,7.84,11.8
(1296) Andree,236.3,226.9,4.1,0.14,2.07,2.42,36.5,0.262,2.76,3.76,11.8
(1391) Carelia,85.8,103.2,7.6,0.16,2.14,2.55,255.8,0.242,2.97,4.08,11.8
(3080) Moisseiev,307.8,48.1,13.9,0.19,2.11,2.61,53.6,0.234,3.12,4.22,11.8
(571) Dulcinea,27.6,3.1,5.2,0.24,1.82,2.41,275.7,0.263,3,3.74,11.8
(1465) Autonoma,50.3,166.9,9.9,0.18,2.49,3.03,118,0.187,3.56,5.26,11.8
(1632) Siebohme,126.7,199.7,5.7,0.14,2.29,2.66,301.6,0.228,3.02,4.33,11.8
(1861) Komensky,266.5,23.5,10.5,0.07,2.81,3.02,213.2,0.188,3.23,5.24,11.8
(2192) Pyatigoriya,148,201.4,9.8,0.08,2.89,3.14,42.6,0.177,3.39,5.56,11.8
(2310) Olshaniya,330.5,124.1,2.7,0.16,2.63,3.14,286,0.177,3.65,5.57,11.8
(2507) Bobone,102.5,129.7,10.3,0.08,2.54,2.78,275.9,0.213,3.01,4.63,11.8
(2519) Annagerman,225.7,83.8,2.4,0.17,2.62,3.15,339.1,0.176,3.67,5.58,11.8
(2666) Gramme,208.2,200.4,13.5,0.23,2.45,3.17,296.5,0.174,3.89,5.65,11.8
(3830) Trelleborg,58.3,257.6,9.6,0.1,2.73,3.04,107,0.186,3.35,5.3,11.8
(3883) Verbano,182.3,169.1,12.8,0.12,2.29,2.61,125.2,0.234,2.93,4.22,11.8
(4271) Novosibirsk,129.6,159.9,10.9,0.09,2.74,3.01,30.5,0.188,3.29,5.23,11.8
(4575) Broman,58.7,148.7,10.9,0.05,2.86,3,124.6,0.19,3.14,5.19,11.8
(1689) Floris-Jan,265,123.1,6.4,0.21,1.94,2.45,116.3,0.257,2.95,3.83,11.8
(1761) Edmondson,50.9,76.4,2.5,0.22,2.5,3.19,12.2,0.173,3.89,5.71,11.8
(1912) Anubis,319.6,76.2,3.2,0.09,2.63,2.9,310,0.199,3.17,4.94,11.8
(5263) Arrius,338.6,225.9,14.8,0.02,3.14,3.19,290.6,0.173,3.25,5.71,11.8
-15505,215.9,1.5,8,0.12,3.5,3.96,170.6,0.125,4.41,7.87,11.8
(1106) Cydonia,231.4,328,13,0.12,2.28,2.6,275.6,0.235,2.92,4.19,11.8
(1444) Pannonia,310.3,303.2,17.8,0.14,2.72,3.15,42.1,0.176,3.59,5.6,11.8
(1590) Tsiolkovskaja,52.9,226.5,4.4,0.16,1.88,2.23,151.6,0.296,2.58,3.33,11.8
(2461) Clavel,232.3,116,2.5,0.17,2.64,3.18,65.7,0.173,3.73,5.68,11.8
(2632) Guizhou,310.4,18.2,10.5,0.11,2.7,3.03,172.7,0.186,3.37,5.29,11.8
(2767) Takenouchi,254.2,65.8,10.9,0.08,2.78,3.02,51.1,0.188,3.26,5.25,11.8
(3650) Kunming,284.7,36.7,14.6,0.24,2.35,3.11,153.6,0.179,3.87,5.49,11.8
(3976) Lise,102.1,222.3,12.7,0.07,2.57,2.76,246.5,0.215,2.95,4.58,11.8
(6924) Fukui,290.1,25.3,12.2,0.1,3.05,3.39,28.9,0.158,3.72,6.23,11.8
(1281) Jeanne,73.3,210,7.4,0.21,2.03,2.56,138.7,0.241,3.09,4.1,11.8
(1433) Geramtina,94.6,321.4,8.2,0.17,2.33,2.8,164,0.21,3.27,4.68,11.8
(2149) Schwambraniya,229.8,62.6,7.7,0.11,2.27,2.55,162.4,0.242,2.83,4.07,11.8
(2542) Calpurnia,50,145.6,4.6,0.08,2.87,3.12,313.9,0.178,3.38,5.52,11.8
(4002) Shinagawa,187.9,116.7,14.7,0.03,2.44,2.52,166,0.247,2.59,3.99,11.8
(4405) Otava,198.2,139.9,9.4,0.16,2.68,3.2,160.9,0.172,3.71,5.72,11.8
(10672) Kostyukova,61.9,283.3,15,0.12,2.68,3.03,210.4,0.187,3.38,5.28,11.8
(870) Manto,197.1,120.8,6.2,0.26,1.71,2.32,69.3,0.278,2.94,3.54,11.8
(1555) Dejan,47.8,318,6,0.28,1.95,2.69,292.6,0.223,3.43,4.42,11.8
(1833) Shmakova,153.3,158,10,0.11,2.34,2.63,339.7,0.23,2.93,4.28,11.8
(1996) Adams,354.8,1.1,15.1,0.14,2.2,2.56,166.5,0.241,2.91,4.09,11.8
(2158) Tietjen,101.6,187.2,1.6,0.18,2.52,3.07,358.4,0.183,3.62,5.38,11.8
(2245) Hekatostos,316.3,85.1,11.8,0.13,2.29,2.64,108,0.23,2.99,4.28,11.8
(4091) Lowe,194.6,49.8,12.2,0.12,2.81,3.18,20,0.173,3.56,5.68,11.8
(1371) Resi,101.6,185,16.5,0.12,2.81,3.2,223,0.172,3.59,5.72,11.8
(1936) Lugano,255,265.1,10.3,0.14,2.3,2.67,157.1,0.225,3.05,4.37,11.8
(2355) Nei Monggol,278.4,53.8,10,0.11,2.68,3.02,334.2,0.188,3.36,5.25,11.8
(2928) Epstein,157.1,310.3,9.5,0.07,2.81,3.01,191.5,0.189,3.2,5.21,11.8
(3037) Alku,331.2,107.7,19,0.19,2.18,2.68,194,0.225,3.17,4.38,11.8
-10889,173.6,112.4,5.2,0.07,3.67,3.93,35.5,0.127,4.19,7.79,11.8
(13244) Dannymeyer,324.8,284.8,19.5,0.01,3.13,3.16,351.2,0.175,3.2,5.63,11.8
(1545) Thernoe,89.9,51.8,3,0.24,2.11,2.77,281.6,0.214,3.43,4.61,11.8
(4131) Stasik,100.8,282.5,12.4,0.11,2.83,3.16,304.1,0.175,3.5,5.63,11.8
(1767) Lampland,135.8,192.1,9.8,0.1,2.73,3.02,328.9,0.188,3.31,5.25,11.8
(7857) Lagerros,292.8,133.3,12.7,0.16,2.38,2.85,146.3,0.205,3.32,4.81,11.8
(989) Schwassmannia,165.6,243.3,14.7,0.25,2,2.66,133,0.227,3.33,4.34,11.8
(1445) Konkolya,274.7,88.9,2.3,0.18,2.54,3.12,18.5,0.179,3.69,5.5,11.8
(1977) Shura,308.6,332.2,7.8,0.07,2.57,2.78,273.1,0.213,2.99,4.64,11.8
(2626) Belnika,127.1,355.8,1.5,0.02,2.79,2.85,25.6,0.205,2.91,4.81,11.8
(3687) Dzus,113.6,224.8,15.8,0.2,2.19,2.73,249.7,0.219,3.27,4.51,11.8
(4207) Chernova,212.5,261.2,9,0.06,2.86,3.02,327.5,0.187,3.19,5.26,11.8
(5281) Lindstrom,261.5,121.2,11.1,0.12,2.67,3.01,297.2,0.188,3.36,5.23,11.8
(1236) Thais,306.1,48.6,13.2,0.24,1.84,2.43,172.6,0.26,3.02,3.79,11.8
(1621) Druzhba,238.3,181.8,3.2,0.12,1.96,2.23,63.3,0.296,2.5,3.33,11.8
(1968) Mehltretter,163.8,71.5,4.6,0.11,2.43,2.74,80.6,0.217,3.04,4.53,11.8
(2907) Nekrasov,197.4,172.4,10.2,0.1,2.72,3.01,136.3,0.188,3.3,5.23,11.8
(3866) Langley,126.2,222.1,3.6,0.18,2.57,3.15,346.7,0.176,3.73,5.59,11.8
(4327) Ries,276.9,55.7,16.7,0.22,2.15,2.77,355.2,0.214,3.39,4.62,11.8
(5316) Filatov,253.8,230,14.7,0.02,3.08,3.16,102.2,0.175,3.24,5.62,11.8
-10765,261.2,85.6,11.3,0.12,2.65,3.01,217.7,0.188,3.38,5.24,11.8
(18996) Torasan,201.8,241.1,20.5,0.03,3.1,3.21,1.4,0.171,3.31,5.75,11.8
(2450) Ioannisiani,103.1,116.5,2.5,0.11,2.78,3.12,267.1,0.179,3.46,5.51,11.8
(2929) Harris,21.7,142.6,14.9,0.07,2.92,3.13,253.3,0.178,3.33,5.52,11.8
(3132) Landgraf,266.2,112.9,4.5,0.13,2.74,3.15,36.9,0.176,3.56,5.59,11.8
(3156) Ellington,118.6,6.9,15.8,0.2,2.3,2.86,337.1,0.204,3.42,4.84,11.8
(4673) Bortle,343.8,104.3,16.2,0.05,2.41,2.55,47,0.242,2.69,4.07,11.8
(1825) Klare,144.3,288.5,4,0.12,2.36,2.68,294.2,0.225,2.99,4.38,11.8
(2023) Asaph,357.5,3,22.3,0.28,2.08,2.88,223.4,0.202,3.68,4.89,11.8
(2684) Douglas,108,150.7,9.9,0.05,2.9,3.05,274,0.185,3.19,5.32,11.8
(2904) Millman,331.5,79.5,15.4,0.14,2.24,2.6,81.2,0.235,2.97,4.2,11.8
(4613) Mamoru,255.5,144.8,6.7,0.3,1.86,2.67,272.4,0.226,3.47,4.35,11.8
(5357) Sekiguchi,120.2,301.7,9.1,0.1,2.69,2.99,207.9,0.191,3.29,5.17,11.8
(5495) Rumyantsev,278.5,32.8,9.2,0.06,3.23,3.42,135.4,0.156,3.61,6.33,11.8
-12713,300.1,15,17.2,0.23,2.43,3.15,228.1,0.176,3.88,5.6,11.8
-23099,11.8,100.5,21,0.12,2.78,3.14,145,0.177,3.5,5.57,11.8
(711) Marmulla,300.3,357,6.1,0.2,1.8,2.24,228.7,0.295,2.68,3.34,11.8
(1193) Africa,185.9,49.5,14.1,0.12,2.32,2.65,241.9,0.229,2.97,4.31,11.8
(2268) Szmytowna,322.9,89.5,3.3,0.11,2.6,2.94,97.1,0.196,3.27,5.04,11.8
(2412) Wil,343,303.4,7.1,0.15,2.28,2.68,238.8,0.225,3.08,4.38,11.8
(2475) Semenov,181.7,209.9,9.1,0.1,2.73,3.04,299.7,0.186,3.35,5.3,11.8
(3844) Lujiaxi,229.2,137.9,3.8,0.11,2.44,2.73,124.4,0.218,3.02,4.51,11.8
(5022) Roccapalumba,68.2,223,11.1,0.08,2.88,3.15,10.5,0.176,3.41,5.59,11.8
(6019) Telford,184.2,289.6,8.6,0.04,2.89,3.01,346.2,0.189,3.13,5.22,11.8
(1531) Hartmut,143,278.8,12.4,0.15,2.22,2.63,28.7,0.231,3.03,4.26,11.9
(2118) Flagstaff,101.1,331.2,6.3,0.22,1.98,2.55,38.2,0.243,3.11,4.06,11.9
(2405) Welch,3.2,128.1,2.3,0.14,2.75,3.2,84.6,0.172,3.65,5.72,11.9
(4119) Miles,76.7,115.3,13,0.13,2.5,2.88,121.9,0.201,3.26,4.89,11.9
(6355) Univermoscow,232.1,23.9,22.4,0.08,2.95,3.2,293.7,0.172,3.46,5.73,11.9
(1745) Ferguson,335,78.6,3.3,0.06,2.68,2.84,72.6,0.205,3.01,4.8,11.9
(2688) Halley,190.6,95,3.5,0.15,2.7,3.18,149.7,0.174,3.65,5.66,11.9
(2953) Vysheslavia,10.8,250.4,1.1,0.02,2.76,2.83,250.9,0.207,2.9,4.75,11.9
(3492) Petra-Pepi,96.7,138.8,13.6,0.14,2.24,2.62,71.4,0.233,2.99,4.23,11.9
(3816) Chugainov,196.7,310.9,12.2,0.13,2.28,2.61,150.2,0.234,2.94,4.21,11.9
(4291) Kodaihasu,9.2,245.8,13.7,0.08,2.76,2.98,70.3,0.191,3.21,5.15,11.9
(6916) Lewispearce,310.4,314.5,18.2,0.26,2.1,2.85,272.5,0.205,3.59,4.8,11.9
(8130) Seeberg,91.5,113.6,6,0.13,3.47,4,317.4,0.123,4.53,8,11.9
-23174,226.1,164.1,15.8,0.26,2.93,3.95,230.4,0.126,4.96,7.84,11.9
(25869) Jacoby,250.9,250,17,0.14,3.41,3.98,45.7,0.124,4.56,7.94,11.9
(254) Augusta,233.5,28.4,4.5,0.12,1.93,2.2,169.9,0.303,2.46,3.25,11.9
(2651) Karen,276.4,126.3,17.8,0.32,2.02,2.99,172.6,0.191,3.96,5.16,11.9
(5293) Bentengahama,10.8,110.8,14,0.11,2.37,2.67,287,0.226,2.97,4.36,11.9
(7143) Haramura,147.2,213.2,14.8,0.16,2.59,3.09,122.5,0.182,3.59,5.42,11.9
(1782) Schneller,106.6,157.4,1.5,0.15,2.64,3.12,48.7,0.179,3.59,5.5,11.9
(2730) Barks,272.6,4.6,6.4,0.13,2.36,2.72,238.3,0.22,3.08,4.48,11.9
(3357) Tolstikov,63.8,145,11.2,0.05,2.87,3.03,241.6,0.187,3.18,5.27,11.9
(3495) Colchagua,113.5,121.5,2.5,0.13,2.81,3.22,230.8,0.171,3.62,5.78,11.9
(3505) Byrd,89.4,302,9.1,0.12,2.65,3.01,66.7,0.189,3.36,5.22,11.9
(4230) van den Bergh,19.6,160.4,3.1,0.13,3.42,3.95,343.7,0.126,4.48,7.85,11.9
(4423) Golden,106.7,193.5,19.3,0.08,3.11,3.4,313.3,0.158,3.68,6.26,11.9
-5755,84.2,308.4,9.3,0.11,2.68,3.02,331.9,0.188,3.36,5.25,11.9
(5942) Denzilrobert,296.6,77.3,11.1,0.13,2.62,3.03,57.3,0.187,3.43,5.27,11.9
-16970,40,233.1,8.8,0.11,3.51,3.96,228.1,0.125,4.41,7.89,11.9
(1498) Lahti,96.9,265.1,12.7,0.24,2.38,3.11,240,0.18,3.84,5.47,11.9
(1941) Wild,303.1,60.4,4,0.29,2.81,3.96,228.5,0.125,5.1,7.87,11.9
(2938) Hopi,263.7,108.8,41.4,0.33,2.12,3.15,295.9,0.176,4.19,5.6,11.9
(3501) Olegiya,69,246,5,0.09,2.66,2.92,198.2,0.197,3.18,4.99,11.9
(3514) Hooke,342.1,24.2,3.5,0.19,3.19,3.95,298.5,0.125,4.72,7.86,11.9
-8376,258,50.2,3.5,0.2,3.2,3.98,17.3,0.124,4.77,7.95,11.9
(452) Hamiltonia,53.9,92.4,3.2,0.01,2.81,2.85,280.9,0.205,2.89,4.81,11.9
(603) Timandra,161.1,343.4,8,0.17,2.1,2.54,47.8,0.244,2.98,4.05,11.9
(1534) Nasi,42.3,62.1,9.8,0.25,2.05,2.73,23.1,0.219,3.41,4.51,11.9
(1550) Tito,311.1,64.5,8.9,0.31,1.74,2.54,119.7,0.243,3.34,4.06,11.9
(1791) Patsayev,74.4,198.8,5.4,0.14,2.35,2.74,251.7,0.217,3.14,4.55,11.9
(1843) Jarmila,32.1,266.8,8.4,0.17,2.2,2.65,208.8,0.228,3.1,4.32,11.9
(2292) Seili,129.4,172.3,14.5,0.24,1.99,2.62,162.7,0.233,3.24,4.24,11.9
(2686) Linda Susan,286.6,225.7,9.3,0.05,2.84,3,185.6,0.19,3.17,5.2,11.9
(3246) Bidstrup,323,197.5,21.8,0.03,3.09,3.19,226,0.173,3.29,5.7,11.9
(3334) Somov,193.7,86.5,3.3,0.02,2.78,2.85,132.4,0.205,2.92,4.82,11.9
(4318) Bata,95,33.1,9.5,0.1,2.9,3.23,296.7,0.17,3.56,5.8,11.9
(4554) Fanynka,4.1,255.6,9.2,0.12,2.81,3.19,11.7,0.173,3.56,5.69,11.9
(5361) Goncharov,127.6,82.3,7.2,0.09,2.85,3.13,108.6,0.178,3.41,5.54,11.9
-6103,149.7,182.7,14.1,0.19,2.76,3.43,274.4,0.155,4.1,6.35,11.9
(6383) Tokushima,168,84.4,11.1,0.05,2.84,3,154.6,0.19,3.16,5.2,11.9
(821) Fanny,32.9,209.7,5.4,0.21,2.19,2.77,131.9,0.213,3.36,4.62,11.9
(1016) Anitra,53.2,8.8,6,0.13,1.94,2.22,231.2,0.298,2.5,3.31,11.9
(1052) Belgica,297.7,99.5,4.7,0.14,1.92,2.24,225.7,0.295,2.56,3.34,11.9
(1665) Gaby,5.8,91.4,10.8,0.21,1.92,2.42,76.6,0.263,2.91,3.75,11.9
(1734) Zhongolovich,186.4,182,8.3,0.23,2.14,2.78,234.3,0.213,3.42,4.63,11.9
(1773) Rumpelstilz,170.3,74.7,5.4,0.13,2.12,2.44,270.4,0.259,2.75,3.8,11.9
(2022) West,38.5,2.3,5.7,0.12,2.39,2.71,275.8,0.221,3.02,4.45,11.9
(2702) Batrakov,332.4,241.9,1.7,0.09,3.12,3.44,231.6,0.155,3.75,6.37,11.9
(2734) Hasek,139.5,36.9,16.5,0.01,3.13,3.17,254.1,0.175,3.21,5.64,11.9
(3017) Petrovic,216,257.5,11.8,0.13,2.28,2.61,10.9,0.234,2.94,4.21,11.9
(3724) Annenskij,119.1,269.1,7.8,0.16,2.31,2.76,329.3,0.215,3.21,4.59,11.9
(4449) Sobinov,309.1,299,4.9,0.1,2.84,3.14,348.1,0.177,3.44,5.57,11.9
(5839) GOI,142.5,4.6,16.9,0.09,2.52,2.76,193,0.215,2.99,4.58,11.9
(6905) Miyazaki,307.3,48.4,13.4,0.19,2.11,2.62,38.8,0.233,3.12,4.23,11.9
(265) Anna,251.5,335.5,25.6,0.27,1.77,2.42,150.5,0.262,3.07,3.76,11.9
(1058) Grubba,94.5,221.7,3.7,0.19,1.78,2.2,156.1,0.303,2.61,3.25,11.9
(2214) Carol,137.1,187.3,14.3,0.27,2.3,3.15,144.9,0.176,4,5.59,11.9
(3261) Tvardovskij,184.8,142.9,2.8,0.07,2.69,2.91,76.3,0.199,3.12,4.96,11.9
(3914) Kotogahama,318,321.5,9.3,0.08,2.78,3.01,101.8,0.188,3.24,5.23,11.9
(4498) Shinkoyama,74.5,280.5,8.9,0.13,2.63,3,70,0.189,3.38,5.2,11.9
(5438) Lorre,239.3,298.1,26.5,0.27,1.99,2.75,329.5,0.216,3.5,4.56,11.9
(1061) Paeonia,306.6,90.9,2.5,0.22,2.44,3.12,317.6,0.179,3.8,5.51,11.9
(1473) Ounas,129.3,216.5,13.6,0.24,1.97,2.58,328.1,0.239,3.18,4.13,11.9
(1953) Rupertwildt,325.7,74.2,2.5,0.18,2.54,3.11,59.8,0.18,3.67,5.48,11.9
(2463) Sterpin,266,178.7,13.4,0.16,2.19,2.6,275.2,0.235,3,4.19,11.9
(2520) Novorossijsk,315.2,6.6,6.2,0.09,2.82,3.11,307.7,0.18,3.39,5.48,11.9
(2683) Brian,19.8,342.1,1.5,0.06,2.74,2.92,45.7,0.198,3.09,4.98,11.9
(2911) Miahelena,64.1,149.2,9.6,0.1,2.52,2.79,176.8,0.211,3.06,4.67,11.9
(5215) Tsurui,150.7,125.2,14.1,0.15,2.28,2.68,99.7,0.224,3.09,4.4,11.9
(7027) Toshihanda,11.8,77.1,12.4,0.19,3.21,3.98,332.7,0.124,4.76,7.95,11.9
-15514,263.3,258.2,19.6,0.08,2.9,3.15,46,0.176,3.4,5.6,11.9
(1485) Isa,46.4,297.3,8.9,0.12,2.67,3.02,119.1,0.187,3.38,5.26,11.9
(2451) Dollfus,324.9,331.8,8.6,0.15,2.31,2.72,278.2,0.219,3.14,4.5,11.9
(2521) Heidi,246.5,281.1,7.7,0.09,2.54,2.8,277,0.211,3.05,4.68,11.9
(3327) Campins,242.5,69.7,1.6,0.09,2.89,3.18,354.3,0.174,3.47,5.66,11.9
(3932) Edshay,328.7,324.5,14.6,0.17,2.14,2.57,278.7,0.24,2.99,4.11,11.9
(6379) Vrba,179.3,31.7,13.9,0.08,2.76,2.99,259,0.191,3.22,5.17,11.9
(26821) Baehr,80.4,327,9.9,0.11,2.7,3.03,84.9,0.187,3.36,5.27,11.9
(587) Hypsipyle,189.2,324.5,25,0.17,1.95,2.34,28,0.276,2.72,3.57,11.9
(1888) Zu Chong-Zhi,233.9,244.7,5.9,0.17,2.11,2.55,220.4,0.243,2.98,4.06,11.9
(2215) Sichuan,333.6,71,10.8,0.26,2.06,2.79,312.3,0.211,3.52,4.67,11.9
(2302) Florya,70.2,307.3,12.1,0.19,2.13,2.65,42.7,0.229,3.16,4.31,11.9
(2344) Xizang,239.3,99.2,3.9,0.19,2.24,2.75,324.8,0.216,3.27,4.57,11.9
(2502) Nummela,131.7,14.4,17.8,0.22,2.28,2.93,47.6,0.196,3.59,5.03,11.9
(2848) ASP,51.3,338.7,0.9,0.19,2.6,3.21,128.5,0.172,3.82,5.74,11.9
(3907) Kilmartin,85.4,283.6,11,0.12,2.46,2.8,189.2,0.211,3.13,4.67,11.9
(5337) Aoki,2.6,237.4,6.4,0.1,2.88,3.2,266.6,0.172,3.51,5.71,11.9
(6810) Juanclaria,340.1,294.2,10.4,0.07,2.92,3.14,244.2,0.177,3.36,5.55,11.9
(937) Bethgea,72.7,243.5,3.7,0.22,1.75,2.23,102.7,0.295,2.72,3.34,11.9
(1714) Sy,321,300.8,8,0.16,2.17,2.57,265.2,0.24,2.97,4.11,11.9
(2226) Cunitza,334,42.9,2.5,0.08,2.64,2.87,4.4,0.203,3.1,4.86,11.9
(2296) Kugultinov,99.3,42.3,1.3,0.16,2.66,3.18,273,0.173,3.71,5.68,11.9
(4955) Gold,250.9,89.4,7.4,0.13,2.73,3.15,52.1,0.176,3.58,5.6,11.9
-5742,122.4,77.5,14.4,0.07,2.88,3.11,274,0.18,3.33,5.48,11.9
(10608) Mameta,258.4,159.9,4.5,0.26,2.97,4,175.5,0.123,5.02,7.99,11.9
(26382) Charlieduke,252.2,245.8,21.2,0.14,2.71,3.16,246.8,0.175,3.61,5.62,11.9
(1479) Inkeri,79.7,18,7.3,0.2,2.15,2.67,317.2,0.225,3.2,4.37,11.9
(1778) Alfven,135.5,106.1,2.5,0.13,2.72,3.14,282.6,0.177,3.56,5.56,11.9
(1878) Hughes,295.3,187.8,1.8,0.01,2.81,2.84,206.7,0.205,2.88,4.8,11.9
(3476) Dongguan,24.6,43.8,21.6,0.19,2.55,3.16,40.3,0.175,3.78,5.62,11.9
(3682) Welther,114.4,255.4,13.6,0.32,1.88,2.76,5.8,0.215,3.63,4.58,11.9
(4843) Megantic,223.3,162.2,11,0.12,2.73,3.09,249.6,0.181,3.46,5.44,11.9
(5070) Arai,193.6,339.4,6,0.06,2.93,3.11,299.9,0.18,3.3,5.49,11.9
(5461) Autumn,193.2,111.8,12.8,0.14,2.71,3.15,59.3,0.176,3.6,5.6,11.9
(6463) Isoda,78.7,287.2,11.9,0.19,2.13,2.61,157,0.233,3.1,4.22,11.9
(1611) Beyer,74.7,237.4,4.3,0.16,2.67,3.17,210.1,0.174,3.68,5.66,11.9
(1893) Jakoba,241.8,64.5,10,0.05,2.56,2.71,42,0.221,2.85,4.45,11.9
(2188) Orlenok,194.8,140.3,2.7,0.09,2.65,2.9,324.9,0.199,3.15,4.95,11.9
(2470) Agematsu,85,79.4,3.1,0.01,2.85,2.89,143.1,0.201,2.92,4.91,11.9
(2574) Ladoga,307,22.1,2.1,0.07,2.65,2.85,254,0.205,3.05,4.81,11.9
(2636) Lassell,151.4,98.5,10.5,0.08,2.77,3,309.5,0.189,3.24,5.21,11.9
(3219) Komaki,294.9,288.9,6.8,0.13,2.64,3.03,286.4,0.186,3.43,5.29,11.9
(4357) Korinthos,45.7,201.1,10.5,0.07,2.8,3,43,0.189,3.21,5.21,11.9
(7797) Morita,199.8,152.6,12.9,0.15,2.7,3.18,144.5,0.174,3.66,5.68,11.9
(1122) Neith,329,63.3,4.7,0.26,1.94,2.61,279.3,0.234,3.27,4.21,11.9
(1892) Lucienne,92.7,315.6,13.9,0.09,2.24,2.46,172,0.255,2.68,3.87,11.9
(2117) Danmark,266.5,59.5,2.9,0.07,2.67,2.87,103.9,0.202,3.07,4.87,11.9
(2474) Ruby,14.6,237.8,7.5,0.22,2.1,2.69,144.3,0.224,3.28,4.4,11.9
(2833) Radishchev,348.1,336.5,1.3,0.07,2.67,2.87,171.9,0.202,3.08,4.87,11.9
(2933) Amber,220.7,121.3,7.2,0.05,2.48,2.61,130.8,0.234,2.74,4.21,11.9
(2988) Korhonen,133,100.9,14.7,0.12,2.28,2.61,71,0.234,2.93,4.21,11.9
(3395) Jitka,105.4,4.9,4,0.05,2.64,2.79,10.5,0.211,2.94,4.66,11.9
(3637) O'Meara,69.8,207.7,14.3,0.12,2.24,2.56,17.4,0.241,2.87,4.09,11.9
(3660) Lazarev,215,354.9,7.8,0.08,2.96,3.22,125.6,0.171,3.48,5.78,11.9
(6546) Kaye,271.6,274.8,14.4,0.1,2.89,3.22,163.6,0.17,3.56,5.78,11.9
-18331,14.3,352.3,16,0.09,2.84,3.1,104.6,0.18,3.37,5.47,11.9
(2183) Neufang,239.9,87.3,18.1,0.38,1.86,2.99,193.4,0.19,4.12,5.17,11.9
(2546) Libitina,235.4,314.8,10.3,0.19,2.11,2.6,277.1,0.235,3.09,4.2,11.9
(2707) Ueferji,344.9,79.4,2.7,0.12,2.82,3.19,102.5,0.173,3.57,5.71,11.9
(4502) Elizabethann,334.2,169.6,13.3,0.1,2.39,2.64,161.4,0.229,2.9,4.3,11.9
(4748) Tokiwagozen,184.5,85.3,16.3,0.06,2.59,2.74,35.3,0.217,2.9,4.54,11.9
(7331) Balindblad,356.3,24.2,22.4,0.04,3.06,3.18,309.1,0.174,3.3,5.68,11.9
(11911) Angel,220.3,152.2,20.2,0.16,2.7,3.2,105.3,0.172,3.7,5.71,11.9
(1126) Otero,135.9,1,6.5,0.15,1.94,2.27,319.7,0.288,2.61,3.43,11.9
(1675) Simonida,50.3,30.1,6.8,0.12,1.95,2.23,66.6,0.295,2.51,3.34,11.9
(1788) Kiess,144.4,161.9,0.7,0.15,2.64,3.12,68,0.179,3.6,5.5,11.9
(2114) Wallenquist,217.5,1.5,0.6,0.14,2.76,3.2,178.5,0.172,3.64,5.73,11.9
(3502) Huangpu,211,104.9,2.8,0.17,2.6,3.14,342.1,0.177,3.67,5.55,11.9
(3568) ASCII,280.8,58.2,19.5,0.23,2.41,3.15,326.9,0.176,3.89,5.59,11.9
(4837) Bickerton,45.9,327.1,28.2,0.14,2.75,3.19,351.3,0.173,3.64,5.71,11.9
(5006) Teller,30,102.6,7.7,0.08,2.94,3.18,147.9,0.174,3.43,5.67,11.9
(5403) Takachiho,42,123.4,10.3,0.07,2.82,3.02,204.4,0.188,3.22,5.25,11.9
-5977,241.1,143.7,15.4,0.15,2.16,2.55,314,0.243,2.93,4.06,11.9
(6338) Isaosato,209.7,74.9,15.3,0.09,2.89,3.17,347.1,0.175,3.45,5.64,11.9
(7131) Longtom,290.7,78.5,16.1,0.17,2.64,3.18,291.4,0.174,3.71,5.66,11.9
(2159) Kukkamaki,120.3,351,3.3,0.04,2.38,2.48,13.7,0.252,2.58,3.91,12
(2294) Andronikov,43.4,290.7,6.3,0.12,2.28,2.58,131.9,0.238,2.89,4.15,12
(2372) Proskurin,319.6,98.1,2.7,0.17,2.59,3.12,142,0.179,3.65,5.51,12
(1365) Henyey,338,258.4,5.1,0.12,1.97,2.25,278,0.292,2.53,3.37,12
(1544) Vinterhansenia,356.4,59.9,3.3,0.1,2.13,2.37,232.2,0.269,2.62,3.66,12
(1813) Imhotep,167.8,35,8.1,0.08,2.46,2.68,317.6,0.224,2.9,4.39,12
(2085) Henan,293,118.1,3.8,0.08,2.47,2.7,91.4,0.222,2.93,4.43,12
(2404) Antarctica,146.4,110.8,2.7,0.13,2.71,3.12,95.4,0.178,3.54,5.52,12
(2498) Tsesevich,1.3,331.5,1.2,0.09,2.66,2.92,173.5,0.198,3.17,4.98,12
(2718) Handley,266.6,44.4,1.5,0.16,2.63,3.12,116.4,0.179,3.62,5.52,12
(3182) Shimanto,161.6,248.2,12.6,0.14,2.24,2.61,115.8,0.233,2.99,4.23,12
(3730) Hurban,42.5,305.1,6.9,0.16,2.28,2.72,110.6,0.219,3.17,4.5,12
(4547) Massachusetts,37.9,358.2,18,0.07,2.44,2.61,233.2,0.233,2.79,4.23,12
(4573) Piestany,252.3,298.8,9.4,0.06,2.85,3.04,280.6,0.186,3.23,5.31,12
(5439) Couturier,325.8,350.9,1.2,0.16,3.29,3.93,141.3,0.126,4.57,7.8,12
(5629) Kuwana,279.5,145.4,10.1,0.08,2.82,3.05,58.1,0.185,3.28,5.33,12
(6697) Celentano,263.5,34.6,11.6,0.06,3.03,3.23,91.2,0.17,3.43,5.8,12
-29564,55.7,292.8,13.4,0.21,2.43,3.1,110.1,0.181,3.76,5.45,12
(881) Athene,41.5,276.9,14.2,0.21,2.07,2.61,134.4,0.233,3.15,4.22,12
(1274) Delportia,244.9,327,4.4,0.11,1.97,2.23,82.8,0.296,2.48,3.33,12
(2757) Crisser,49.6,10.2,0.7,0.19,2.56,3.18,109.5,0.174,3.79,5.66,12
(3054) Strugatskia,187.1,146.2,2.1,0.21,2.45,3.1,214.8,0.181,3.74,5.45,12
(4800) Veveri,180.7,179.4,10.3,0.1,2.7,3.01,267.1,0.189,3.32,5.22,12
(5092) Manara,194.3,359.1,16.1,0.06,3.01,3.2,154.7,0.172,3.38,5.72,12
(5336) Kley,63.7,178.5,11.4,0.15,2.66,3.12,12.8,0.179,3.57,5.5,12
(5435) Kameoka,3.8,109,18.1,0.13,2.75,3.15,56.9,0.176,3.56,5.6,12
(15417) Babylon,194.4,75.7,3.2,0.05,3.72,3.93,47.8,0.127,4.13,7.79,12
(1589) Fanatica,289.1,90.3,5.3,0.09,2.19,2.42,179,0.262,2.64,3.76,12
(2244) Tesla,297.1,106.4,7.8,0.18,2.3,2.81,84.9,0.209,3.32,4.71,12
(2533) Fechtig,225,201.2,1.6,0.17,2.57,3.09,279.9,0.181,3.62,5.44,12
(2563) Boyarchuk,39.4,114.6,2,0.14,2.73,3.19,150.3,0.173,3.65,5.7,12
(2931) Mayakovsky,288.6,25.1,2.2,0.06,2.7,2.87,180.8,0.202,3.05,4.87,12
(3152) Jones,292,301.1,11.3,0.09,2.39,2.63,247.1,0.232,2.86,4.26,12
(3622) Ilinsky,148.7,254.2,4.9,0.05,3.23,3.39,318.3,0.158,3.54,6.23,12
(3751) Kiang,24,271,13.3,0.11,2.81,3.15,149,0.176,3.48,5.59,12
(3978) Klepesta,272.7,242.1,12.2,0,2.87,2.88,351.2,0.202,2.89,4.89,12
-13035,211.2,58.1,3.6,0.16,3.35,3.98,252.3,0.124,4.61,7.93,12
(1047) Geisha,300.3,78.2,5.7,0.19,1.81,2.24,300.9,0.294,2.67,3.36,12
(1501) Baade,14.1,16.9,7.3,0.24,1.93,2.54,55.8,0.243,3.16,4.06,12
(2255) Qinghai,348,40.9,14.1,0.15,2.65,3.11,182.1,0.18,3.56,5.47,12
(2622) Bolzano,217.4,134.5,11,0.1,2.71,3.01,277.7,0.189,3.3,5.21,12
(2706) Borovsky,103.9,50.5,10.9,0.04,2.9,3.02,0.8,0.188,3.13,5.24,12
(4424) Arkhipova,14.7,138.4,14.7,0.08,2.54,2.76,215.2,0.215,2.97,4.58,12
(10938) Lorenzalevy,291.8,8.6,21.8,0.07,3,3.22,204.3,0.171,3.44,5.78,12
(12214) Miroshnikov,31.1,254.4,14.4,0.16,2.68,3.2,221.4,0.172,3.71,5.71,12
-15102,110.3,301.5,20.8,0.04,3.12,3.24,181.5,0.169,3.35,5.82,12
-17252,229.4,117.8,15.9,0.23,2.42,3.13,78.8,0.178,3.83,5.53,12
(1792) Reni,324,72.7,9,0.28,2,2.78,105.9,0.213,3.55,4.63,12
(2053) Nuki,237.3,193.1,8.5,0.14,2.41,2.8,66.2,0.21,3.2,4.69,12
(2382) Nonie,67,246,31,0.33,1.85,2.76,82.9,0.215,3.68,4.59,12
(3597) Kakkuri,302.3,86.1,2.5,0.19,2.55,3.16,300.5,0.176,3.76,5.62,12
(5778) Jurafrance,58.8,279.4,14,0.13,2.25,2.59,185.8,0.237,2.92,4.16,12
(6307) Maiztegui,274.3,114.3,15.6,0.12,2.27,2.58,124.7,0.238,2.89,4.15,12
(10513) Mackie,194.5,172.4,24.4,0.07,2.99,3.22,15,0.171,3.44,5.76,12
-13504,305.6,186.1,16.3,0.17,3.29,3.98,35,0.124,4.67,7.94,12
-26220,138.9,86.4,11.9,0.1,2.91,3.22,75.8,0.171,3.52,5.77,12
(819) Barnardiana,306.1,333.1,4.9,0.14,1.89,2.2,10.9,0.303,2.51,3.26,12
(1014) Semphyra,234.6,251.5,2.3,0.2,2.23,2.8,115.3,0.21,3.37,4.69,12
(1667) Pels,195.9,80.8,4.6,0.16,1.85,2.19,64.3,0.304,2.53,3.24,12
(2354) Lavrov,190.9,175.9,3.3,0.11,2.45,2.73,51.5,0.218,3.02,4.52,12
(2866) Hardy,25.2,317,8.2,0.2,2.32,2.91,220.1,0.198,3.51,4.97,12
(4144) Vladvasil'ev,230.2,171.5,9.3,0.03,3.05,3.16,219.9,0.176,3.26,5.61,12
(4379) Snelling,169.7,211.1,21.7,0.12,2.77,3.16,114.4,0.175,3.55,5.62,12
(4431) Holeungholee,222.5,222.9,10.9,0.1,2.75,3.06,186.5,0.184,3.37,5.36,12
(4568) Menkaure,229.6,6.9,10.7,0.06,2.85,3.03,342.2,0.186,3.22,5.29,12
-7458,239.5,323.5,1.8,0.17,3.09,3.73,151.2,0.137,4.37,7.2,12
(990) Yerkes,9.3,353.9,8.8,0.22,2.09,2.67,130.3,0.226,3.25,4.36,12
(2092) Sumiana,207.2,72.2,3.1,0.03,2.76,2.85,237.7,0.205,2.93,4.8,12
(2606) Odessa,352.9,197.3,12.4,0.26,2.03,2.76,207.3,0.215,3.49,4.59,12
(3026) Sarastro,114.5,215.8,9.7,0.02,2.97,3.03,19.9,0.187,3.09,5.27,12
(6039) Parmenides,176.6,185.7,13.1,0.05,3.25,3.41,162.5,0.156,3.58,6.31,12
-7942,280.4,305.4,9.5,0.05,3.03,3.17,30.9,0.174,3.32,5.65,12
-14195,192.4,318.2,7.7,0.13,3.46,3.98,34.6,0.124,4.49,7.93,12
-17297,16.1,353.3,15.2,0.1,2.84,3.17,105.8,0.174,3.5,5.65,12
(2439) Ulugbek,336.1,115.4,0.3,0.15,2.67,3.14,67.7,0.177,3.61,5.56,12
(2747) Cesky Krumlov,300.7,344.8,5.8,0.13,2.7,3.1,258.7,0.181,3.5,5.45,12
(3811) Karma,68.4,338.7,10.2,0.13,2.24,2.58,42.1,0.238,2.92,4.14,12
(4349) Tiburcio,281.2,90.2,10.8,0.24,1.98,2.62,115.2,0.233,3.25,4.23,12
-9072,13.5,289.7,15.2,0.08,2.94,3.2,173.6,0.172,3.46,5.73,12
(10331) Peterbluhm,233.1,105.5,4.6,0.23,3.09,3.99,283.5,0.124,4.89,7.98,12
(1055) Tynka,176.6,147.1,5.3,0.21,1.74,2.2,195.6,0.303,2.66,3.26,12
(1097) Vicia,176.6,133.8,1.5,0.29,1.86,2.64,150.1,0.23,3.42,4.29,12
(1108) Demeter,78.1,234.2,24.9,0.26,1.81,2.43,44.9,0.261,3.05,3.78,12
(2444) Lederle,141.4,286,15.1,0.13,2.37,2.73,45.7,0.219,3.08,4.51,12
(2737) Kotka,104.8,339.4,8.8,0.19,2.21,2.75,29.4,0.217,3.28,4.55,12
(2898) Neuvo,207.8,116.7,14.3,0.02,2.5,2.56,215.7,0.241,2.61,4.09,12
(3044) Saltykov,70.8,242.2,13.5,0.16,2.39,2.85,178.2,0.205,3.31,4.81,12
(3333) Schaber,66.6,231.1,12,0.22,2.44,3.13,39.2,0.178,3.82,5.55,12
(4455) Ruriko,229.2,243.6,9.4,0.05,2.85,3.01,271.1,0.189,3.17,5.23,12
(5362) Johnyoung,274.5,136,6.1,0.03,3.29,3.39,258,0.158,3.48,6.23,12
(5594) Jimmiller,110.3,128.4,10.3,0.05,3.01,3.17,38.9,0.175,3.33,5.63,12
(5749) Urduja,37.6,265.1,9.6,0.08,2.78,3.01,34,0.189,3.23,5.21,12
-7574,350.2,61.4,11.1,0.17,2.85,3.44,143.6,0.155,4.03,6.38,12
-17871,278.9,2.4,15,0.08,3.26,3.52,48.3,0.149,3.79,6.61,12
1939 RR,64.8,323,13.1,0.25,2.17,2.9,324.2,0.199,3.64,4.95,12
(244) Sita,166.3,208.9,2.8,0.14,1.88,2.17,186.8,0.307,2.47,3.21,12
(2016) Heinemann,340,17,0.9,0.19,2.53,3.13,140.9,0.178,3.73,5.54,12
(2163) Korczak,264.4,113.3,2.5,0.18,2.57,3.15,151.1,0.176,3.73,5.58,12
(2240) Tsai,23.7,61.1,0.8,0.15,2.7,3.16,33.6,0.176,3.62,5.61,12
(2811) Stremchovi,114.9,331.7,1,0.03,2.77,2.87,178.4,0.203,2.96,4.85,12
(4211) Rosniblett,315.8,24.4,0.6,0.2,2.54,3.19,148.7,0.173,3.84,5.7,12
(4840) Otaynang,191.6,247.3,15.2,0.1,2.88,3.19,31.3,0.173,3.49,5.68,12
(5231) Verne,319.9,91.1,14.9,0.15,2.22,2.62,39.2,0.233,3.02,4.24,12
(1367) Nongoma,347.7,270.8,22.5,0.13,2.04,2.34,67.3,0.275,2.65,3.59,12
(1918) Aiguillon,245.4,195,9.2,0.13,2.76,3.19,235.4,0.173,3.62,5.69,12
(2038) Bistro,184.1,73.4,14.8,0.09,2.21,2.43,267.3,0.26,2.66,3.8,12
(2908) Shimoyama,153.3,233.2,13.4,0.15,2.52,2.98,100.2,0.192,3.43,5.13,12
(2982) Muriel,40.6,42.8,10.2,0.07,2.8,3,268.4,0.19,3.19,5.19,12
(5134) Ebilson,201.6,90.2,8.1,0.04,2.68,2.79,189.8,0.212,2.9,4.66,12
-5814,316.3,69.1,10.7,0.1,2.71,3.02,337.2,0.188,3.33,5.25,12
-16009,327.2,38,16,0.16,2.14,2.54,227.8,0.244,2.93,4.04,12
